allele,seq_num,start,end,length,peptide,core,icore,score,rank
HLA-B*07:02,1,170,178,9,TPSAPSYTL,TPSAPSYTL,TPSAPSYTL,0.9662,0.02
HLA-B*07:02,1,338,346,9,VPISSVASL,VPISSVASL,VPISSVASL,0.962388,0.03
HLA-A*01:01,1,53,61,9,LADVRSYCY,LADVRSYCY,LADVRSYCY,0.9221,0.03
HLA-A*02:01,1,354,362,9,RLVTVNPFV,RLVTVNPFV,RLVTVNPFV,0.814885,0.07
HLA-B*07:02,1,350,358,9,TPVGRLVTV,TPVGRLVTV,TPVGRLVTV,0.812785,0.08
HLA-A*02:01,1,485,493,9,FLAVGGVLL,FLAVGGVLL,FLAVGGVLL,0.723061,0.12
HLA-A*02:01,1,452,460,9,SLFGGMSWI,SLFGGMSWI,SLFGGMSWI,0.696148,0.13
HLA-A*02:01,1,437,445,9,SVGKAIHQV,SVGKAIHQV,SVGKAIHQV,0.639477,0.17
HLA-A*02:01,1,430,438,9,SVGGVFTSV,SVGGVFTSV,SVGGVFTSV,0.618796,0.18
HLA-A*01:01,1,147,155,9,TTVESHGNY,TTVESHGNY,TTVESHGNY,0.565722,0.16
HLA-A*02:01,1,491,499,9,VLLFLSVNV,VLLFLSVNV,VLLFLSVNV,0.533096,0.24
HLA-B*07:02,1,475,483,9,NARDRSIAM,NARDRSIAM,NARDRSIAM,0.527929,0.22
HLA-B*07:02,1,244,252,9,EPHATKQSV,EPHATKQSV,EPHATKQSV,0.504096,0.24
HLA-A*01:01,1,193,201,9,RSGIDTSAY,RSGIDTSAY,RSGIDTSAY,0.477419,0.2
HLA-A*02:01,1,211,219,9,FLVHREWFM,FLVHREWFM,FLVHREWFM,0.453996,0.31
HLA-A*01:01,1,321,329,9,GTVVLELQY,GTVVLELQY,GTVVLELQY,0.450173,0.23
HLA-B*07:02,1,247,255,9,ATKQSVVAL,ATKQSVVAL,ATKQSVVAL,0.424498,0.32
HLA-B*07:02,1,289,297,9,RVKMEKLQL,RVKMEKLQL,RVKMEKLQL,0.412621,0.32
HLA-A*02:01,1,456,464,9,GMSWITQGL,GMSWITQGL,GMSWITQGL,0.40477,0.36
HLA-A*02:01,1,195,203,9,GIDTSAYYV,GIDTSAYYV,GIDTSAYYV,0.400175,0.36
HLA-B*07:02,1,38,46,9,KPTIDVKMM,KPTIDVKMM,KPTIDVKMM,0.374576,0.37
HLA-A*01:01,1,168,176,9,SITPSAPSY,SITPSAPSY,SITPSAPSY,0.354253,0.31
HLA-A*02:01,1,261,269,9,ALHQALAGA,ALHQALAGA,ALHQALAGA,0.351235,0.45
HLA-A*01:01,1,129,137,9,IIQKENIKY,IIQKENIKY,IIQKENIKY,0.31113,0.36
HLA-A*02:01,1,296,304,9,QLKGTTYGV,QLKGTTYGV,QLKGTTYGV,0.283672,0.58
HLA-A*02:01,1,487,495,9,AVGGVLLFL,AVGGVLLFL,AVGGVLLFL,0.272216,0.6
HLA-A*02:01,1,33,41,9,IMSKDKPTI,IMSKDKPTI,IMSKDKPTI,0.248388,0.65
HLA-B*07:02,1,413,421,9,RGAQRLAAL,RGAQRLAAL,RGAQRLAAL,0.234518,0.6
HLA-A*01:01,1,194,202,9,SGIDTSAYY,SGIDTSAYY,SGIDTSAYY,0.221757,0.5
HLA-A*02:01,1,356,364,9,VTVNPFVSV,VTVNPFVSV,VTVNPFVSV,0.213302,0.75
HLA-A*02:01,1,205,213,9,SVGAKSFLV,SVGAKSFLV,SVGAKSFLV,0.210021,0.76
HLA-A*01:01,1,294,302,9,KLQLKGTTY,KLQLKGTTY,KLQLKGTTY,0.195056,0.55
HLA-A*02:01,1,371,379,9,VLIELEPPF,VLIELEPPF,VLIELEPPF,0.164662,0.96
HLA-A*02:01,1,480,488,9,SIAMTFLAV,SIAMTFLAV,SIAMTFLAV,0.163118,0.97
HLA-B*07:02,1,69,77,9,STRAACPTM,STRAACPTM,STRAACPTM,0.15033,0.85
HLA-A*02:01,1,23,31,9,LVLEGDSCV,LVLEGDSCV,LVLEGDSCV,0.112294,1.3
HLA-B*07:02,1,278,286,9,TVKLTSGHL,TVKLTSGHL,TVKLTSGHL,0.106809,1.1
HLA-A*01:01,1,85,93,9,RADPAFVCK,RADPAFVCK,RADPAFVCK,0.103841,0.92
HLA-A*01:01,1,375,383,9,LEPPFGDSY,LEPPFGDSY,LEPPFGDSY,0.099077,0.94
HLA-A*01:01,1,40,48,9,TIDVKMMNM,TIDVKMMNM,TIDVKMMNM,0.090188,1.1
HLA-A*02:01,1,344,352,9,ASLNDLTPV,ASLNDLTPV,ASLNDLTPV,0.0897,1.5
HLA-B*07:02,1,314,322,9,TPADTGHGT,TPADTGHGT,TPADTGHGT,0.085392,1.3
HLA-B*07:02,1,359,367,9,NPFVSVATA,NPFVSVATA,NPFVSVATA,0.079994,1.3
HLA-A*02:01,1,45,53,9,MMNMEAANL,MMNMEAANL,MMNMEAANL,0.074198,1.7
HLA-B*07:02,1,223,231,9,LPWSSAGST,LPWSSAGST,LPWSSAGST,0.069939,1.4
HLA-A*02:01,1,52,60,9,NLADVRSYC,NLADVRSYC,NLADVRSYC,0.058424,1.9
HLA-A*02:01,1,218,226,9,FMDLNLPWS,FMDLNLPWS,FMDLNLPWS,0.058367,1.9
HLA-A*01:01,1,65,73,9,VSDLSTRAA,VSDLSTRAA,VSDLSTRAA,0.058253,1.4
HLA-A*02:01,1,363,371,9,SVATANSKV,SVATANSKV,SVATANSKV,0.056551,2.0
HLA-A*02:01,1,357,365,9,TVNPFVSVA,TVNPFVSVA,TVNPFVSVA,0.0551,2.0
HLA-A*02:01,1,198,206,9,TSAYYVMSV,TSAYYVMSV,TSAYYVMSV,0.052748,2.0
HLA-A*01:01,1,225,233,9,WSSAGSTTW,WSSAGSTTW,WSSAGSTTW,0.04928,1.6
HLA-A*01:01,1,195,203,9,GIDTSAYYV,GIDTSAYYV,GIDTSAYYV,0.048036,1.6
HLA-B*07:02,1,404,412,9,IGKAFTTTL,IGKAFTTTL,IGKAFTTTL,0.04736,1.8
HLA-B*07:02,1,231,239,9,TTWRNRETL,TTWRNRETL,TTWRNRETL,0.045773,1.8
HLA-A*02:01,1,57,65,9,RSYCYLASV,RSYCYLASV,RSYCYLASV,0.045721,2.2
HLA-A*02:01,1,172,180,9,SAPSYTLKL,SAPSYTLKL,SAPSYTLKL,0.045252,2.2
HLA-A*02:01,1,468,476,9,LLLWMGINA,LLLWMGINA,LLLWMGINA,0.044931,2.3
HLA-B*07:02,1,172,180,9,SAPSYTLKL,SAPSYTLKL,SAPSYTLKL,0.0447,1.8
HLA-A*02:01,1,417,425,9,RLAALGDTA,RLAALGDTA,RLAALGDTA,0.044517,2.3
HLA-A*02:01,1,179,187,9,KLGEYGEVT,KLGEYGEVT,KLGEYGEVT,0.041635,2.4
HLA-A*02:01,1,257,265,9,SQEGALHQA,SQEGALHQA,SQEGALHQA,0.041521,2.4
HLA-A*02:01,1,40,48,9,TIDVKMMNM,TIDVKMMNM,TIDVKMMNM,0.039924,2.4
HLA-B*07:02,1,161,169,9,ATQAGRFSI,ATQAGRFSI,ATQAGRFSI,0.03805,2.0
HLA-A*02:01,1,64,72,9,SVSDLSTRA,SVSDLSTRA,SVSDLSTRA,0.037283,2.5
HLA-B*07:02,1,364,372,9,VATANSKVL,VATANSKVL,VATANSKVL,0.036553,2.0
HLA-B*07:02,1,234,242,9,RNRETLMEF,RNRETLMEF,RNRETLMEF,0.036407,2.0
HLA-B*07:02,1,400,408,9,SGSSIGKAF,SGSSIGKAF,SGSSIGKAF,0.03534,2.1
HLA-A*01:01,1,51,59,9,ANLADVRSY,ANLADVRSY,ANLADVRSY,0.035248,1.9
HLA-B*07:02,1,477,485,9,RDRSIAMTF,RDRSIAMTF,RDRSIAMTF,0.031497,2.2
HLA-A*02:01,1,254,262,9,ALGSQEGAL,ALGSQEGAL,ALGSQEGAL,0.030158,2.8
HLA-A*02:01,1,247,255,9,ATKQSVVAL,ATKQSVVAL,ATKQSVVAL,0.029786,2.9
HLA-A*02:01,1,280,288,9,KLTSGHLKC,KLTSGHLKC,KLTSGHLKC,0.02873,2.9
HLA-B*07:02,1,460,468,9,ITQGLLGAL,ITQGLLGAL,ITQGLLGAL,0.028303,2.3
HLA-B*07:02,1,40,48,9,TIDVKMMNM,TIDVKMMNM,TIDVKMMNM,0.024208,2.5
HLA-A*02:01,1,420,428,9,ALGDTAWDF,ALGDTAWDF,ALGDTAWDF,0.024027,3.2
HLA-B*07:02,1,270,278,9,IPVEFSSNT,IPVEFSSNT,IPVEFSSNT,0.023876,2.5
HLA-B*07:02,1,334,342,9,GPCKVPISS,GPCKVPISS,GPCKVPISS,0.021886,2.6
HLA-B*07:02,1,204,212,9,MSVGAKSFL,MSVGAKSFL,MSVGAKSFL,0.021429,2.6
HLA-A*01:01,1,171,179,9,PSAPSYTLK,PSAPSYTLK,PSAPSYTLK,0.020613,2.5
HLA-B*07:02,1,191,199,9,EPRSGIDTS,EPRSGIDTS,EPRSGIDTS,0.020397,2.7
HLA-A*02:01,1,140,148,9,AIFVHGPTT,AIFVHGPTT,AIFVHGPTT,0.020049,3.5
HLA-A*02:01,1,141,149,9,IFVHGPTTV,IFVHGPTTV,IFVHGPTTV,0.019908,3.5
HLA-A*02:01,1,464,472,9,LLGALLLWM,LLGALLLWM,LLGALLLWM,0.017955,3.7
HLA-A*02:01,1,61,69,9,YLASVSDLS,YLASVSDLS,YLASVSDLS,0.017888,3.7
HLA-B*07:02,1,396,404,9,HWHKSGSSI,HWHKSGSSI,HWHKSGSSI,0.01754,2.9
HLA-A*02:01,1,231,239,9,TTWRNRETL,TTWRNRETL,TTWRNRETL,0.017191,3.8
HLA-A*02:01,1,300,308,9,TTYGVCSKA,TTYGVCSKA,TTYGVCSKA,0.016861,3.9
HLA-A*01:01,1,329,337,9,YTGKDGPCK,YTGKDGPCK,YTGKDGPCK,0.016473,2.8
HLA-A*01:01,1,451,459,9,RSLFGGMSW,RSLFGGMSW,RSLFGGMSW,0.016431,2.8
HLA-B*07:02,1,430,438,9,SVGGVFTSV,SVGGVFTSV,SVGGVFTSV,0.016324,3.0
HLA-A*02:01,1,265,273,9,ALAGAIPVE,ALAGAIPVE,ALAGAIPVE,0.015841,4.0
HLA-A*02:01,1,348,356,9,DLTPVGRLV,DLTPVGRLV,DLTPVGRLV,0.015665,4.0
HLA-B*07:02,1,438,446,9,VGKAIHQVF,VGKAIHQVF,VGKAIHQVF,0.015292,3.1
HLA-A*02:01,1,239,247,9,LMEFEEPHA,LMEFEEPHA,LMEFEEPHA,0.014444,4.2
HLA-A*01:01,1,486,494,9,LAVGGVLLF,LAVGGVLLF,LAVGGVLLF,0.014305,3.1
HLA-A*02:01,1,264,272,9,QALAGAIPV,QALAGAIPV,QALAGAIPV,0.014123,4.2
HLA-A*02:01,1,483,491,9,MTFLAVGGV,MTFLAVGGV,MTFLAVGGV,0.014089,4.2
HLA-A*01:01,1,172,180,9,SAPSYTLKL,SAPSYTLKL,SAPSYTLKL,0.012972,3.3
HLA-A*01:01,1,175,183,9,SYTLKLGEY,SYTLKLGEY,SYTLKLGEY,0.012529,3.4
HLA-A*02:01,1,289,297,9,RVKMEKLQL,RVKMEKLQL,RVKMEKLQL,0.012484,4.5
HLA-A*02:01,1,433,441,9,GVFTSVGKA,GVFTSVGKA,GVFTSVGKA,0.012321,4.5
HLA-A*01:01,1,435,443,9,FTSVGKAIH,FTSVGKAIH,FTSVGKAIH,0.012038,3.4
HLA-A*01:01,1,156,164,9,STQIGATQA,STQIGATQA,STQIGATQA,0.011988,3.5
HLA-B*07:02,1,445,453,9,VFGGAFRSL,VFGGAFRSL,VFGGAFRSL,0.011608,3.6
HLA-A*01:01,1,26,34,9,EGDSCVTIM,EGDSCVTIM,EGDSCVTIM,0.011563,3.5
HLA-A*01:01,1,389,397,9,GEQQINHHW,GEQQINHHW,GEQQINHHW,0.011024,3.6
HLA-A*01:01,1,198,206,9,TSAYYVMSV,TSAYYVMSV,TSAYYVMSV,0.010761,3.6
HLA-A*02:01,1,161,169,9,ATQAGRFSI,ATQAGRFSI,ATQAGRFSI,0.010409,4.9
HLA-B*07:02,1,168,176,9,SITPSAPSY,SITPSAPSY,SITPSAPSY,0.010385,3.8
HLA-A*01:01,1,477,485,9,RDRSIAMTF,RDRSIAMTF,RDRSIAMTF,0.010348,3.7
HLA-A*02:01,1,135,143,9,IKYEVAIFV,IKYEVAIFV,IKYEVAIFV,0.010264,4.9
HLA-A*02:01,1,350,358,9,TPVGRLVTV,TPVGRLVTV,TPVGRLVTV,0.010228,4.9
HLA-A*02:01,1,367,375,9,ANSKVLIEL,ANSKVLIEL,ANSKVLIEL,0.010123,4.9
HLA-B*07:02,1,266,274,9,LAGAIPVEF,LAGAIPVEF,LAGAIPVEF,0.010112,3.8
HLA-B*07:02,1,449,457,9,AFRSLFGGM,AFRSLFGGM,AFRSLFGGM,0.010093,3.8
HLA-B*07:02,1,258,266,9,QEGALHQAL,QEGALHQAL,QEGALHQAL,0.009975,3.9
HLA-A*02:01,1,463,471,9,GLLGALLLW,GLLGALLLW,GLLGALLLW,0.009959,5.0
HLA-A*01:01,1,111,119,9,GSIDTCAKF,GSIDTCAKF,GSIDTCAKF,0.009691,3.9
HLA-B*07:02,1,451,459,9,RSLFGGMSW,RSLFGGMSW,RSLFGGMSW,0.009321,4.0
HLA-A*02:01,1,345,353,9,SLNDLTPVG,SLNDLTPVG,SLNDLTPVG,0.00926,5.2
HLA-A*02:01,1,461,469,9,TQGLLGALL,TQGLLGALL,TQGLLGALL,0.009011,5.2
HLA-A*01:01,1,365,373,9,ATANSKVLI,ATANSKVLI,ATANSKVLI,0.008926,4.0
HLA-B*07:02,1,363,371,9,SVATANSKV,SVATANSKV,SVATANSKV,0.008902,4.1
HLA-A*01:01,1,226,234,9,SSAGSTTWR,SSAGSTTWR,SSAGSTTWR,0.008741,4.1
HLA-B*07:02,1,357,365,9,TVNPFVSVA,TVNPFVSVA,TVNPFVSVA,0.008576,4.1
HLA-A*02:01,1,441,449,9,AIHQVFGGA,AIHQVFGGA,AIHQVFGGA,0.008542,5.4
HLA-A*01:01,1,211,219,9,FLVHREWFM,FLVHREWFM,FLVHREWFM,0.008445,4.1
HLA-B*07:02,1,484,492,9,TFLAVGGVL,TFLAVGGVL,TFLAVGGVL,0.008439,4.2
HLA-A*01:01,1,266,274,9,LAGAIPVEF,LAGAIPVEF,LAGAIPVEF,0.008431,4.1
HLA-B*07:02,1,99,107,9,RGWGNGCGL,RGWGNGCGL,RGWGNGCGL,0.008232,4.2
HLA-B*07:02,1,485,493,9,FLAVGGVLL,FLAVGGVLL,FLAVGGVLL,0.008207,4.2
HLA-A*02:01,1,459,467,9,WITQGLLGA,WITQGLLGA,WITQGLLGA,0.008068,5.5
HLA-A*01:01,1,418,426,9,LAALGDTAW,LAALGDTAW,LAALGDTAW,0.008058,4.2
HLA-A*01:01,1,247,255,9,ATKQSVVAL,ATKQSVVAL,ATKQSVVAL,0.007997,4.3
HLA-A*01:01,1,420,428,9,ALGDTAWDF,ALGDTAWDF,ALGDTAWDF,0.0078,4.3
HLA-B*07:02,1,376,384,9,EPPFGDSYI,EPPFGDSYI,EPPFGDSYI,0.007797,4.3
HLA-B*07:02,1,246,254,9,HATKQSVVA,HATKQSVVA,HATKQSVVA,0.007757,4.4
HLA-B*07:02,1,294,302,9,KLQLKGTTY,KLQLKGTTY,KLQLKGTTY,0.007736,4.4
HLA-A*01:01,1,241,249,9,EFEEPHATK,EFEEPHATK,EFEEPHATK,0.007624,4.4
HLA-A*01:01,1,64,72,9,SVSDLSTRA,SVSDLSTRA,SVSDLSTRA,0.007542,4.4
HLA-A*02:01,1,365,373,9,ATANSKVLI,ATANSKVLI,ATANSKVLI,0.00744,5.7
HLA-B*07:02,1,203,211,9,VMSVGAKSF,VMSVGAKSF,VMSVGAKSF,0.007324,4.5
HLA-A*01:01,1,485,493,9,FLAVGGVLL,FLAVGGVLL,FLAVGGVLL,0.007284,4.5
HLA-B*07:02,1,437,445,9,SVGKAIHQV,SVGKAIHQV,SVGKAIHQV,0.007247,4.5
HLA-B*07:02,1,356,364,9,VTVNPFVSV,VTVNPFVSV,VTVNPFVSV,0.007205,4.5
HLA-A*02:01,1,460,468,9,ITQGLLGAL,ITQGLLGAL,ITQGLLGAL,0.007201,5.9
HLA-A*02:01,1,403,411,9,SIGKAFTTT,SIGKAFTTT,SIGKAFTTT,0.007198,5.9
HLA-A*02:01,1,493,501,9,LFLSVNVHA,LFLSVNVHA,LFLSVNVHA,0.007063,5.9
HLA-A*01:01,1,69,77,9,STRAACPTM,STRAACPTM,STRAACPTM,0.006904,4.6
HLA-A*01:01,1,457,465,9,MSWITQGLL,MSWITQGLL,MSWITQGLL,0.006789,4.7
HLA-A*01:01,1,155,163,9,YSTQIGATQ,YSTQIGATQ,YSTQIGATQ,0.006781,4.7
HLA-B*07:02,1,173,181,9,APSYTLKLG,APSYTLKLG,APSYTLKLG,0.006656,4.7
HLA-A*01:01,1,231,239,9,TTWRNRETL,TTWRNRETL,TTWRNRETL,0.006593,4.8
HLA-A*01:01,1,170,178,9,TPSAPSYTL,TPSAPSYTL,TPSAPSYTL,0.006493,4.8
HLA-A*01:01,1,410,418,9,TTLRGAQRL,TTLRGAQRL,TTLRGAQRL,0.006404,4.8
HLA-B*07:02,1,142,150,9,FVHGPTTVE,FVHGPTTVE,FVHGPTTVE,0.006332,4.8
HLA-A*01:01,1,148,156,9,TVESHGNYS,TVESHGNYS,TVESHGNYS,0.00633,4.9
HLA-A*01:01,1,161,169,9,ATQAGRFSI,ATQAGRFSI,ATQAGRFSI,0.00632,4.9
HLA-B*07:02,1,317,325,9,DTGHGTVVL,DTGHGTVVL,DTGHGTVVL,0.006317,4.8
HLA-A*02:01,1,444,452,9,QVFGGAFRS,QVFGGAFRS,QVFGGAFRS,0.006313,6.2
HLA-A*01:01,1,112,120,9,SIDTCAKFA,SIDTCAKFA,SIDTCAKFA,0.006136,5.0
HLA-B*07:02,1,287,295,9,KCRVKMEKL,KCRVKMEKL,KCRVKMEKL,0.00607,4.9
HLA-B*07:02,1,480,488,9,SIAMTFLAV,SIAMTFLAV,SIAMTFLAV,0.006026,4.9
HLA-A*02:01,1,168,176,9,SITPSAPSY,SITPSAPSY,SITPSAPSY,0.005893,6.4
HLA-A*02:01,1,411,419,9,TLRGAQRLA,TLRGAQRLA,TLRGAQRLA,0.005892,6.4
HLA-A*01:01,1,257,265,9,SQEGALHQA,SQEGALHQA,SQEGALHQA,0.005832,5.1
HLA-A*01:01,1,346,354,9,LNDLTPVGR,LNDLTPVGR,LNDLTPVGR,0.00582,5.1
HLA-A*01:01,1,357,365,9,TVNPFVSVA,TVNPFVSVA,TVNPFVSVA,0.005767,5.2
HLA-A*02:01,1,16,24,9,SGATWVDLV,SGATWVDLV,SGATWVDLV,0.005736,6.5
HLA-A*01:01,1,277,285,9,NTVKLTSGH,NTVKLTSGH,NTVKLTSGH,0.005666,5.2
HLA-B*07:02,1,410,418,9,TTLRGAQRL,TTLRGAQRL,TTLRGAQRL,0.005642,5.1
HLA-A*02:01,1,303,311,9,GVCSKAFKF,GVCSKAFKF,GVCSKAFKF,0.00549,6.6
HLA-B*07:02,1,367,375,9,ANSKVLIEL,ANSKVLIEL,ANSKVLIEL,0.00544,5.2
HLA-A*01:01,1,303,311,9,GVCSKAFKF,GVCSKAFKF,GVCSKAFKF,0.005362,5.4
HLA-A*01:01,1,315,323,9,PADTGHGTV,PADTGHGTV,PADTGHGTV,0.005333,5.4
HLA-B*07:02,1,473,481,9,GINARDRSI,GINARDRSI,GINARDRSI,0.005311,5.2
HLA-B*07:02,1,456,464,9,GMSWITQGL,GMSWITQGL,GMSWITQGL,0.0052,5.3
HLA-A*01:01,1,63,71,9,ASVSDLSTR,ASVSDLSTR,ASVSDLSTR,0.005192,5.4
HLA-A*02:01,1,402,410,9,SSIGKAFTT,SSIGKAFTT,SSIGKAFTT,0.005187,6.8
HLA-A*01:01,1,209,217,9,KSFLVHREW,KSFLVHREW,KSFLVHREW,0.005134,5.5
HLA-A*02:01,1,11,19,9,FLEGVSGAT,FLEGVSGAT,FLEGVSGAT,0.005032,6.9
HLA-A*02:01,1,385,393,9,VVGRGEQQI,VVGRGEQQI,VVGRGEQQI,0.004889,7.0
HLA-A*01:01,1,356,364,9,VTVNPFVSV,VTVNPFVSV,VTVNPFVSV,0.004883,5.6
HLA-A*01:01,1,475,483,9,NARDRSIAM,NARDRSIAM,NARDRSIAM,0.004841,5.7
HLA-A*02:01,1,238,246,9,TLMEFEEPH,TLMEFEEPH,TLMEFEEPH,0.004773,7.1
HLA-A*01:01,1,169,177,9,ITPSAPSYT,ITPSAPSYT,ITPSAPSYT,0.004675,5.8
HLA-A*01:01,1,218,226,9,FMDLNLPWS,FMDLNLPWS,FMDLNLPWS,0.004627,5.8
HLA-B*07:02,1,418,426,9,LAALGDTAW,LAALGDTAW,LAALGDTAW,0.004591,5.6
HLA-B*07:02,1,308,316,9,AFKFAGTPA,AFKFAGTPA,AFKFAGTPA,0.004583,5.6
HLA-A*02:01,1,410,418,9,TTLRGAQRL,TTLRGAQRL,TTLRGAQRL,0.004573,7.2
HLA-B*07:02,1,4,12,9,LGMSNRDFL,LGMSNRDFL,LGMSNRDFL,0.004565,5.6
HLA-A*02:01,1,479,487,9,RSIAMTFLA,RSIAMTFLA,RSIAMTFLA,0.004523,7.2
HLA-A*01:01,1,28,36,9,DSCVTIMSK,DSCVTIMSK,DSCVTIMSK,0.004514,5.9
HLA-B*07:02,1,273,281,9,EFSSNTVKL,EFSSNTVKL,EFSSNTVKL,0.004423,5.8
HLA-B*07:02,1,254,262,9,ALGSQEGAL,ALGSQEGAL,ALGSQEGAL,0.004396,5.8
HLA-A*02:01,1,273,281,9,EFSSNTVKL,EFSSNTVKL,EFSSNTVKL,0.004302,7.4
HLA-A*01:01,1,437,445,9,SVGKAIHQV,SVGKAIHQV,SVGKAIHQV,0.004265,6.1
HLA-A*01:01,1,317,325,9,DTGHGTVVL,DTGHGTVVL,DTGHGTVVL,0.004227,6.1
HLA-B*07:02,1,232,240,9,TWRNRETLM,TWRNRETLM,TWRNRETLM,0.004194,5.9
HLA-A*01:01,1,203,211,9,VMSVGAKSF,VMSVGAKSF,VMSVGAKSF,0.004162,6.2
HLA-A*01:01,1,256,264,9,GSQEGALHQ,GSQEGALHQ,GSQEGALHQ,0.004139,6.2
HLA-B*07:02,1,264,272,9,QALAGAIPV,QALAGAIPV,QALAGAIPV,0.004084,6.0
HLA-A*02:01,1,322,330,9,TVVLELQYT,TVVLELQYT,TVVLELQYT,0.004029,7.6
HLA-A*02:01,1,338,346,9,VPISSVASL,VPISSVASL,VPISSVASL,0.004002,7.7
HLA-B*07:02,1,17,25,9,GATWVDLVL,GATWVDLVL,GATWVDLVL,0.003951,6.1
HLA-A*01:01,1,289,297,9,RVKMEKLQL,RVKMEKLQL,RVKMEKLQL,0.003873,6.4
HLA-B*07:02,1,411,419,9,TLRGAQRLA,TLRGAQRLA,TLRGAQRLA,0.003866,6.1
HLA-B*07:02,1,213,221,9,VHREWFMDL,VHREWFMDL,VHREWFMDL,0.003737,6.2
HLA-A*01:01,1,391,399,9,QQINHHWHK,QQINHHWHK,QQINHHWHK,0.003693,6.7
HLA-B*07:02,1,225,233,9,WSSAGSTTW,WSSAGSTTW,WSSAGSTTW,0.003652,6.3
HLA-A*01:01,1,273,281,9,EFSSNTVKL,EFSSNTVKL,EFSSNTVKL,0.003649,6.7
HLA-A*01:01,1,242,250,9,FEEPHATKQ,FEEPHATKQ,FEEPHATKQ,0.0036,6.8
HLA-A*01:01,1,300,308,9,TTYGVCSKA,TTYGVCSKA,TTYGVCSKA,0.003566,6.8
HLA-A*02:01,1,202,210,9,YVMSVGAKS,YVMSVGAKS,YVMSVGAKS,0.003513,8.1
HLA-B*07:02,1,377,385,9,PPFGDSYIV,PPFGDSYIV,PPFGDSYIV,0.003499,6.4
HLA-B*07:02,1,486,494,9,LAVGGVLLF,LAVGGVLLF,LAVGGVLLF,0.003429,6.5
HLA-A*02:01,1,404,412,9,IGKAFTTTL,IGKAFTTTL,IGKAFTTTL,0.003426,8.2
HLA-A*01:01,1,205,213,9,SVGAKSFLV,SVGAKSFLV,SVGAKSFLV,0.003346,7.1
HLA-B*07:02,1,434,442,9,VFTSVGKAI,VFTSVGKAI,VFTSVGKAI,0.003336,6.6
HLA-A*01:01,1,409,417,9,TTTLRGAQR,TTTLRGAQR,TTTLRGAQR,0.003307,7.1
HLA-A*02:01,1,457,465,9,MSWITQGLL,MSWITQGLL,MSWITQGLL,0.003297,8.3
HLA-B*07:02,1,371,379,9,VLIELEPPF,VLIELEPPF,VLIELEPPF,0.003294,6.6
HLA-A*02:01,1,413,421,9,RGAQRLAAL,RGAQRLAAL,RGAQRLAAL,0.003276,8.4
HLA-B*07:02,1,45,53,9,MMNMEAANL,MMNMEAANL,MMNMEAANL,0.003267,6.6
HLA-A*01:01,1,400,408,9,SGSSIGKAF,SGSSIGKAF,SGSSIGKAF,0.003233,7.2
HLA-A*01:01,1,124,132,9,KATGWIIQK,KATGWIIQK,KATGWIIQK,0.003231,7.2
HLA-A*02:01,1,294,302,9,KLQLKGTTY,KLQLKGTTY,KLQLKGTTY,0.003202,8.4
HLA-A*01:01,1,430,438,9,SVGGVFTSV,SVGGVFTSV,SVGGVFTSV,0.003188,7.3
HLA-B*07:02,1,64,72,9,SVSDLSTRA,SVSDLSTRA,SVSDLSTRA,0.003161,6.8
HLA-B*07:02,1,487,495,9,AVGGVLLFL,AVGGVLLFL,AVGGVLLFL,0.003151,6.8
HLA-A*02:01,1,170,178,9,TPSAPSYTL,TPSAPSYTL,TPSAPSYTL,0.003145,8.5
HLA-B*07:02,1,141,149,9,IFVHGPTTV,IFVHGPTTV,IFVHGPTTV,0.003057,6.9
HLA-B*07:02,1,35,43,9,SKDKPTIDV,SKDKPTIDV,SKDKPTIDV,0.003056,6.9
HLA-B*07:02,1,65,73,9,VSDLSTRAA,VSDLSTRAA,VSDLSTRAA,0.003023,6.9
HLA-A*02:01,1,391,399,9,QQINHHWHK,QQINHHWHK,QQINHHWHK,0.003018,8.6
HLA-A*01:01,1,234,242,9,RNRETLMEF,RNRETLMEF,RNRETLMEF,0.003002,7.5
HLA-A*02:01,1,203,211,9,VMSVGAKSF,VMSVGAKSF,VMSVGAKSF,0.002989,8.7
HLA-A*01:01,1,479,487,9,RSIAMTFLA,RSIAMTFLA,RSIAMTFLA,0.00298,7.6
HLA-A*02:01,1,469,477,9,LLWMGINAR,LLWMGINAR,LLWMGINAR,0.002925,8.7
HLA-A*02:01,1,165,173,9,GRFSITPSA,GRFSITPSA,GRFSITPSA,0.002916,8.7
HLA-A*01:01,1,362,370,9,VSVATANSK,VSVATANSK,VSVATANSK,0.002905,7.7
HLA-A*02:01,1,220,228,9,DLNLPWSSA,DLNLPWSSA,DLNLPWSSA,0.002868,8.8
HLA-A*01:01,1,463,471,9,GLLGALLLW,GLLGALLLW,GLLGALLLW,0.002824,7.8
HLA-A*01:01,1,196,204,9,IDTSAYYVM,IDTSAYYVM,IDTSAYYVM,0.002824,7.8
HLA-A*01:01,1,423,431,9,DTAWDFGSV,DTAWDFGSV,DTAWDFGSV,0.002804,7.9
HLA-B*07:02,1,365,373,9,ATANSKVLI,ATANSKVLI,ATANSKVLI,0.002794,7.2
HLA-B*07:02,1,220,228,9,DLNLPWSSA,DLNLPWSSA,DLNLPWSSA,0.002779,7.2
HLA-B*07:02,1,85,93,9,RADPAFVCK,RADPAFVCK,RADPAFVCK,0.002757,7.2
HLA-A*02:01,1,17,25,9,GATWVDLVL,GATWVDLVL,GATWVDLVL,0.002756,9.0
HLA-A*01:01,1,487,495,9,AVGGVLLFL,AVGGVLLFL,AVGGVLLFL,0.002744,8.0
HLA-B*07:02,1,82,90,9,NEKRADPAF,NEKRADPAF,NEKRADPAF,0.002742,7.2
HLA-A*01:01,1,275,283,9,SSNTVKLTS,SSNTVKLTS,SSNTVKLTS,0.002725,8.0
HLA-A*01:01,1,159,167,9,IGATQAGRF,IGATQAGRF,IGATQAGRF,0.002713,8.0
HLA-A*01:01,1,61,69,9,YLASVSDLS,YLASVSDLS,YLASVSDLS,0.00268,8.1
HLA-A*01:01,1,324,332,9,VLELQYTGK,VLELQYTGK,VLELQYTGK,0.002676,8.1
HLA-A*01:01,1,82,90,9,NEKRADPAF,NEKRADPAF,NEKRADPAF,0.00265,8.1
HLA-A*01:01,1,363,371,9,SVATANSKV,SVATANSKV,SVATANSKV,0.002641,8.2
HLA-A*02:01,1,489,497,9,GGVLLFLSV,GGVLLFLSV,GGVLLFLSV,0.002603,9.2
HLA-A*01:01,1,367,375,9,ANSKVLIEL,ANSKVLIEL,ANSKVLIEL,0.002575,8.3
HLA-A*02:01,1,7,15,9,SNRDFLEGV,SNRDFLEGV,SNRDFLEGV,0.00257,9.3
HLA-A*01:01,1,348,356,9,DLTPVGRLV,DLTPVGRLV,DLTPVGRLV,0.002567,8.3
HLA-A*02:01,1,99,107,9,RGWGNGCGL,RGWGNGCGL,RGWGNGCGL,0.002523,9.3
HLA-A*01:01,1,427,435,9,DFGSVGGVF,DFGSVGGVF,DFGSVGGVF,0.002513,8.4
HLA-A*01:01,1,388,396,9,RGEQQINHH,RGEQQINHH,RGEQQINHH,0.002505,8.4
HLA-A*02:01,1,486,494,9,LAVGGVLLF,LAVGGVLLF,LAVGGVLLF,0.002488,9.4
HLA-A*01:01,1,76,84,9,TMGEAHNEK,TMGEAHNEK,TMGEAHNEK,0.002474,8.5
HLA-A*02:01,1,266,274,9,LAGAIPVEF,LAGAIPVEF,LAGAIPVEF,0.002457,9.4
HLA-A*01:01,1,390,398,9,EQQINHHWH,EQQINHHWH,EQQINHHWH,0.002415,8.6
HLA-A*01:01,1,204,212,9,MSVGAKSFL,MSVGAKSFL,MSVGAKSFL,0.002408,8.6
HLA-A*01:01,1,460,468,9,ITQGLLGAL,ITQGLLGAL,ITQGLLGAL,0.002407,8.6
HLA-A*01:01,1,12,20,9,LEGVSGATW,LEGVSGATW,LEGVSGATW,0.002375,8.7
HLA-B*07:02,1,134,142,9,NIKYEVAIF,NIKYEVAIF,NIKYEVAIF,0.00237,7.7
HLA-A*01:01,1,255,263,9,LGSQEGALH,LGSQEGALH,LGSQEGALH,0.002362,8.7
HLA-A*02:01,1,215,223,9,REWFMDLNL,REWFMDLNL,REWFMDLNL,0.002285,9.7
HLA-A*01:01,1,271,279,9,PVEFSSNTV,PVEFSSNTV,PVEFSSNTV,0.002276,8.9
HLA-B*07:02,1,316,324,9,ADTGHGTVV,ADTGHGTVV,ADTGHGTVV,0.002263,7.9
HLA-A*01:01,1,238,246,9,TLMEFEEPH,TLMEFEEPH,TLMEFEEPH,0.002246,9.0
HLA-A*02:01,1,112,120,9,SIDTCAKFA,SIDTCAKFA,SIDTCAKFA,0.002235,9.8
HLA-A*01:01,1,77,85,9,MGEAHNEKR,MGEAHNEKR,MGEAHNEKR,0.00223,9.0
HLA-A*02:01,1,473,481,9,GINARDRSI,GINARDRSI,GINARDRSI,0.002192,9.9
HLA-B*07:02,1,33,41,9,IMSKDKPTI,IMSKDKPTI,IMSKDKPTI,0.002187,8.1
HLA-B*07:02,1,26,34,9,EGDSCVTIM,EGDSCVTIM,EGDSCVTIM,0.002123,8.2
HLA-B*07:02,1,457,465,9,MSWITQGLL,MSWITQGLL,MSWITQGLL,0.002116,8.2
HLA-A*01:01,1,282,290,9,TSGHLKCRV,TSGHLKCRV,TSGHLKCRV,0.002116,9.3
HLA-B*07:02,1,375,383,9,LEPPFGDSY,LEPPFGDSY,LEPPFGDSY,0.002101,8.2
HLA-B*07:02,1,296,304,9,QLKGTTYGV,QLKGTTYGV,QLKGTTYGV,0.00206,8.3
HLA-B*07:02,1,442,450,9,IHQVFGGAF,IHQVFGGAF,IHQVFGGAF,0.002018,8.4
HLA-A*01:01,1,480,488,9,SIAMTFLAV,SIAMTFLAV,SIAMTFLAV,0.001991,9.7
HLA-B*07:02,1,347,355,9,NDLTPVGRL,NDLTPVGRL,NDLTPVGRL,0.001978,8.5
HLA-A*01:01,1,122,130,9,TTKATGWII,TTKATGWII,TTKATGWII,0.001975,9.7
HLA-B*07:02,1,462,470,9,QGLLGALLL,QGLLGALLL,QGLLGALLL,0.001936,8.6
HLA-A*01:01,1,36,44,9,KDKPTIDVK,KDKPTIDVK,KDKPTIDVK,0.001899,10
HLA-A*01:01,1,239,247,9,LMEFEEPHA,LMEFEEPHA,LMEFEEPHA,0.00189,10
HLA-B*07:02,1,315,323,9,PADTGHGTV,PADTGHGTV,PADTGHGTV,0.00188,8.7
HLA-A*02:01,1,124,132,9,KATGWIIQK,KATGWIIQK,KATGWIIQK,0.001877,11
HLA-A*01:01,1,446,454,9,FGGAFRSLF,FGGAFRSLF,FGGAFRSLF,0.001874,10
HLA-B*07:02,1,122,130,9,TTKATGWII,TTKATGWII,TTKATGWII,0.001838,8.8
HLA-B*07:02,1,389,397,9,GEQQINHHW,GEQQINHHW,GEQQINHHW,0.001802,8.9
HLA-B*07:02,1,209,217,9,KSFLVHREW,KSFLVHREW,KSFLVHREW,0.001799,8.9
HLA-A*02:01,1,319,327,9,GHGTVVLEL,GHGTVVLEL,GHGTVVLEL,0.001783,11
HLA-A*02:01,1,65,73,9,VSDLSTRAA,VSDLSTRAA,VSDLSTRAA,0.00177,11
HLA-B*07:02,1,240,248,9,MEFEEPHAT,MEFEEPHAT,MEFEEPHAT,0.001769,9.0
HLA-A*02:01,1,129,137,9,IIQKENIKY,IIQKENIKY,IIQKENIKY,0.001763,11
HLA-A*01:01,1,35,43,9,SKDKPTIDV,SKDKPTIDV,SKDKPTIDV,0.001753,11
HLA-A*02:01,1,204,212,9,MSVGAKSFL,MSVGAKSFL,MSVGAKSFL,0.001749,11
HLA-A*01:01,1,344,352,9,ASLNDLTPV,ASLNDLTPV,ASLNDLTPV,0.001747,11
HLA-B*07:02,1,319,327,9,GHGTVVLEL,GHGTVVLEL,GHGTVVLEL,0.001714,9.1
HLA-A*02:01,1,240,248,9,MEFEEPHAT,MEFEEPHAT,MEFEEPHAT,0.001673,12
HLA-A*02:01,1,111,119,9,GSIDTCAKF,GSIDTCAKF,GSIDTCAKF,0.001673,12
HLA-A*01:01,1,206,214,9,VGAKSFLVH,VGAKSFLVH,VGAKSFLVH,0.001654,11
HLA-A*01:01,1,217,225,9,WFMDLNLPW,WFMDLNLPW,WFMDLNLPW,0.001635,11
HLA-A*01:01,1,274,282,9,FSSNTVKLT,FSSNTVKLT,FSSNTVKLT,0.001631,11
HLA-A*02:01,1,156,164,9,STQIGATQA,STQIGATQA,STQIGATQA,0.00161,12
HLA-A*01:01,1,120,128,9,ACTTKATGW,ACTTKATGW,ACTTKATGW,0.001597,11
HLA-A*02:01,1,423,431,9,DTAWDFGSV,DTAWDFGSV,DTAWDFGSV,0.001581,12
HLA-A*01:01,1,237,245,9,ETLMEFEEP,ETLMEFEEP,ETLMEFEEP,0.001564,12
HLA-B*07:02,1,140,148,9,AIFVHGPTT,AIFVHGPTT,AIFVHGPTT,0.00155,9.6
HLA-A*01:01,1,144,152,9,HGPTTVESH,HGPTTVESH,HGPTTVESH,0.00154,12
HLA-A*02:01,1,108,116,9,FGKGSIDTC,FGKGSIDTC,FGKGSIDTC,0.001537,12
HLA-B*07:02,1,417,425,9,RLAALGDTA,RLAALGDTA,RLAALGDTA,0.001535,9.6
HLA-A*01:01,1,258,266,9,QEGALHQAL,QEGALHQAL,QEGALHQAL,0.001529,12
HLA-A*01:01,1,240,248,9,MEFEEPHAT,MEFEEPHAT,MEFEEPHAT,0.001506,12
HLA-B*07:02,1,341,349,9,SSVASLNDL,SSVASLNDL,SSVASLNDL,0.001494,9.7
HLA-B*07:02,1,284,292,9,GHLKCRVKM,GHLKCRVKM,GHLKCRVKM,0.001494,9.7
HLA-A*01:01,1,347,355,9,NDLTPVGRL,NDLTPVGRL,NDLTPVGRL,0.001488,12
HLA-A*02:01,1,445,453,9,VFGGAFRSL,VFGGAFRSL,VFGGAFRSL,0.001486,12
HLA-A*01:01,1,402,410,9,SSIGKAFTT,SSIGKAFTT,SSIGKAFTT,0.001475,12
HLA-A*02:01,1,462,470,9,QGLLGALLL,QGLLGALLL,QGLLGALLL,0.001472,12
HLA-B*07:02,1,452,460,9,SLFGGMSWI,SLFGGMSWI,SLFGGMSWI,0.001452,9.8
HLA-A*02:01,1,330,338,9,TGKDGPCKV,TGKDGPCKV,TGKDGPCKV,0.00145,12
HLA-A*01:01,1,438,446,9,VGKAIHQVF,VGKAIHQVF,VGKAIHQVF,0.001447,12
HLA-A*01:01,1,330,338,9,TGKDGPCKV,TGKDGPCKV,TGKDGPCKV,0.001436,12
HLA-A*02:01,1,207,215,9,GAKSFLVHR,GAKSFLVHR,GAKSFLVHR,0.001435,12
HLA-A*01:01,1,316,324,9,ADTGHGTVV,ADTGHGTVV,ADTGHGTVV,0.001432,12
HLA-A*01:01,1,16,24,9,SGATWVDLV,SGATWVDLV,SGATWVDLV,0.001427,12
HLA-A*02:01,1,466,474,9,GALLLWMGI,GALLLWMGI,GALLLWMGI,0.001423,12
HLA-B*07:02,1,461,469,9,TQGLLGALL,TQGLLGALL,TQGLLGALL,0.001414,9.9
HLA-B*07:02,1,198,206,9,TSAYYVMSV,TSAYYVMSV,TSAYYVMSV,0.001409,9.9
HLA-A*01:01,1,136,144,9,KYEVAIFVH,KYEVAIFVH,KYEVAIFVH,0.001409,12
HLA-A*01:01,1,371,379,9,VLIELEPPF,VLIELEPPF,VLIELEPPF,0.001401,12
HLA-B*07:02,1,165,173,9,GRFSITPSA,GRFSITPSA,GRFSITPSA,0.001394,10
HLA-B*07:02,1,53,61,9,LADVRSYCY,LADVRSYCY,LADVRSYCY,0.001389,10
HLA-A*01:01,1,220,228,9,DLNLPWSSA,DLNLPWSSA,DLNLPWSSA,0.001388,12
HLA-A*01:01,1,341,349,9,SSVASLNDL,SSVASLNDL,SSVASLNDL,0.001383,12
HLA-A*01:01,1,11,19,9,FLEGVSGAT,FLEGVSGAT,FLEGVSGAT,0.001374,13
HLA-B*07:02,1,42,50,9,DVKMMNMEA,DVKMMNMEA,DVKMMNMEA,0.001373,10
HLA-A*01:01,1,134,142,9,NIKYEVAIF,NIKYEVAIF,NIKYEVAIF,0.001373,13
HLA-B*07:02,1,194,202,9,SGIDTSAYY,SGIDTSAYY,SGIDTSAYY,0.001368,11
HLA-A*02:01,1,35,43,9,SKDKPTIDV,SKDKPTIDV,SKDKPTIDV,0.001351,13
HLA-A*02:01,1,169,177,9,ITPSAPSYT,ITPSAPSYT,ITPSAPSYT,0.00135,13
HLA-A*02:01,1,84,92,9,KRADPAFVC,KRADPAFVC,KRADPAFVC,0.001344,13
HLA-A*01:01,1,150,158,9,ESHGNYSTQ,ESHGNYSTQ,ESHGNYSTQ,0.001335,13
HLA-A*01:01,1,278,286,9,TVKLTSGHL,TVKLTSGHL,TVKLTSGHL,0.001317,13
HLA-A*02:01,1,341,349,9,SSVASLNDL,SSVASLNDL,SSVASLNDL,0.001307,13
HLA-A*01:01,1,45,53,9,MMNMEAANL,MMNMEAANL,MMNMEAANL,0.001298,13
HLA-B*07:02,1,52,60,9,NLADVRSYC,NLADVRSYC,NLADVRSYC,0.001294,11
HLA-A*01:01,1,281,289,9,LTSGHLKCR,LTSGHLKCR,LTSGHLKCR,0.001283,13
HLA-B*07:02,1,446,454,9,FGGAFRSLF,FGGAFRSLF,FGGAFRSLF,0.001281,11
HLA-B*07:02,1,403,411,9,SIGKAFTTT,SIGKAFTTT,SIGKAFTTT,0.001279,11
HLA-A*02:01,1,85,93,9,RADPAFVCK,RADPAFVCK,RADPAFVCK,0.001266,13
HLA-A*01:01,1,452,460,9,SLFGGMSWI,SLFGGMSWI,SLFGGMSWI,0.00124,13
HLA-A*01:01,1,197,205,9,DTSAYYVMS,DTSAYYVMS,DTSAYYVMS,0.001235,13
HLA-A*02:01,1,142,150,9,FVHGPTTVE,FVHGPTTVE,FVHGPTTVE,0.001232,13
HLA-A*02:01,1,69,77,9,STRAACPTM,STRAACPTM,STRAACPTM,0.001224,13
HLA-B*07:02,1,441,449,9,AIHQVFGGA,AIHQVFGGA,AIHQVFGGA,0.001223,11
HLA-A*01:01,1,299,307,9,GTTYGVCSK,GTTYGVCSK,GTTYGVCSK,0.001221,13
HLA-A*01:01,1,3,11,9,CLGMSNRDF,CLGMSNRDF,CLGMSNRDF,0.001193,14
HLA-A*02:01,1,253,261,9,VALGSQEGA,VALGSQEGA,VALGSQEGA,0.001192,13
HLA-A*02:01,1,25,33,9,LEGDSCVTI,LEGDSCVTI,LEGDSCVTI,0.001184,13
HLA-A*01:01,1,338,346,9,VPISSVASL,VPISSVASL,VPISSVASL,0.001182,14
HLA-A*01:01,1,23,31,9,LVLEGDSCV,LVLEGDSCV,LVLEGDSCV,0.001182,14
HLA-B*07:02,1,156,164,9,STQIGATQA,STQIGATQA,STQIGATQA,0.001177,11
HLA-A*02:01,1,492,500,9,LLFLSVNVH,LLFLSVNVH,LLFLSVNVH,0.001175,13
HLA-A*02:01,1,76,84,9,TMGEAHNEK,TMGEAHNEK,TMGEAHNEK,0.001166,14
HLA-A*01:01,1,492,500,9,LLFLSVNVH,LLFLSVNVH,LLFLSVNVH,0.001161,14
HLA-B*07:02,1,54,62,9,ADVRSYCYL,ADVRSYCYL,ADVRSYCYL,0.00115,11
HLA-A*02:01,1,162,170,9,TQAGRFSIT,TQAGRFSIT,TQAGRFSIT,0.001149,14
HLA-A*01:01,1,246,254,9,HATKQSVVA,HATKQSVVA,HATKQSVVA,0.001132,14
HLA-B*07:02,1,145,153,9,GPTTVESHG,GPTTVESHG,GPTTVESHG,0.001127,12
HLA-B*07:02,1,215,223,9,REWFMDLNL,REWFMDLNL,REWFMDLNL,0.001117,12
HLA-A*02:01,1,217,225,9,WFMDLNLPW,WFMDLNLPW,WFMDLNLPW,0.001117,14
HLA-B*07:02,1,166,174,9,RFSITPSAP,RFSITPSAP,RFSITPSAP,0.001115,12
HLA-B*07:02,1,210,218,9,SFLVHREWF,SFLVHREWF,SFLVHREWF,0.001104,12
HLA-A*01:01,1,49,57,9,EAANLADVR,EAANLADVR,EAANLADVR,0.001096,14
HLA-A*01:01,1,272,280,9,VEFSSNTVK,VEFSSNTVK,VEFSSNTVK,0.001079,14
HLA-A*02:01,1,180,188,9,LGEYGEVTV,LGEYGEVTV,LGEYGEVTV,0.001075,14
HLA-A*02:01,1,370,378,9,KVLIELEPP,KVLIELEPP,KVLIELEPP,0.00107,14
HLA-A*02:01,1,222,230,9,NLPWSSAGS,NLPWSSAGS,NLPWSSAGS,0.001069,14
HLA-B*07:02,1,330,338,9,TGKDGPCKV,TGKDGPCKV,TGKDGPCKV,0.001056,12
HLA-A*02:01,1,24,32,9,VLEGDSCVT,VLEGDSCVT,VLEGDSCVT,0.001051,14
HLA-A*02:01,1,278,286,9,TVKLTSGHL,TVKLTSGHL,TVKLTSGHL,0.001043,14
HLA-B*07:02,1,202,210,9,YVMSVGAKS,YVMSVGAKS,YVMSVGAKS,0.00104,12
HLA-B*07:02,1,188,196,9,VDCEPRSGI,VDCEPRSGI,VDCEPRSGI,0.001019,12
HLA-A*01:01,1,436,444,9,TSVGKAIHQ,TSVGKAIHQ,TSVGKAIHQ,0.001019,15
HLA-A*01:01,1,354,362,9,RLVTVNPFV,RLVTVNPFV,RLVTVNPFV,0.001015,15
HLA-A*01:01,1,180,188,9,LGEYGEVTV,LGEYGEVTV,LGEYGEVTV,0.001011,15
HLA-A*01:01,1,6,14,9,MSNRDFLEG,MSNRDFLEG,MSNRDFLEG,0.001009,15
HLA-A*02:01,1,72,80,9,AACPTMGEA,AACPTMGEA,AACPTMGEA,0.001003,14
HLA-A*01:01,1,46,54,9,MNMEAANLA,MNMEAANLA,MNMEAANLA,0.000996,15
HLA-A*02:01,1,475,483,9,NARDRSIAM,NARDRSIAM,NARDRSIAM,0.00099,14
HLA-A*01:01,1,461,469,9,TQGLLGALL,TQGLLGALL,TQGLLGALL,0.00097,15
HLA-B*07:02,1,205,213,9,SVGAKSFLV,SVGAKSFLV,SVGAKSFLV,0.000968,12
HLA-A*01:01,1,342,350,9,SVASLNDLT,SVASLNDLT,SVASLNDLT,0.000968,15
HLA-A*01:01,1,259,267,9,EGALHQALA,EGALHQALA,EGALHQALA,0.000962,15
HLA-A*01:01,1,33,41,9,IMSKDKPTI,IMSKDKPTI,IMSKDKPTI,0.000953,15
HLA-B*07:02,1,12,20,9,LEGVSGATW,LEGVSGATW,LEGVSGATW,0.000934,13
HLA-A*01:01,1,54,62,9,ADVRSYCYL,ADVRSYCYL,ADVRSYCYL,0.00093,16
HLA-A*01:01,1,296,304,9,QLKGTTYGV,QLKGTTYGV,QLKGTTYGV,0.000926,16
HLA-A*01:01,1,350,358,9,TPVGRLVTV,TPVGRLVTV,TPVGRLVTV,0.000922,16
HLA-A*01:01,1,456,464,9,GMSWITQGL,GMSWITQGL,GMSWITQGL,0.000921,16
HLA-B*07:02,1,57,65,9,RSYCYLASV,RSYCYLASV,RSYCYLASV,0.00092,13
HLA-A*01:01,1,442,450,9,IHQVFGGAF,IHQVFGGAF,IHQVFGGAF,0.000904,16
HLA-B*07:02,1,427,435,9,DFGSVGGVF,DFGSVGGVF,DFGSVGGVF,0.000903,13
HLA-A*01:01,1,374,382,9,ELEPPFGDS,ELEPPFGDS,ELEPPFGDS,0.000897,16
HLA-B*07:02,1,84,92,9,KRADPAFVC,KRADPAFVC,KRADPAFVC,0.000893,13
HLA-A*01:01,1,72,80,9,AACPTMGEA,AACPTMGEA,AACPTMGEA,0.000875,16
HLA-A*01:01,1,176,184,9,YTLKLGEYG,YTLKLGEYG,YTLKLGEYG,0.000868,16
HLA-A*01:01,1,399,407,9,KSGSSIGKA,KSGSSIGKA,KSGSSIGKA,0.000861,16
HLA-A*02:01,1,429,437,9,GSVGGVFTS,GSVGGVFTS,GSVGGVFTS,0.00086,15
HLA-B*07:02,1,72,80,9,AACPTMGEA,AACPTMGEA,AACPTMGEA,0.000855,13
HLA-A*01:01,1,7,15,9,SNRDFLEGV,SNRDFLEGV,SNRDFLEGV,0.000848,17
HLA-B*07:02,1,241,249,9,EFEEPHATK,EFEEPHATK,EFEEPHATK,0.000846,13
HLA-A*02:01,1,268,276,9,GAIPVEFSS,GAIPVEFSS,GAIPVEFSS,0.000834,15
HLA-B*07:02,1,385,393,9,VVGRGEQQI,VVGRGEQQI,VVGRGEQQI,0.000832,13
HLA-A*02:01,1,10,18,9,DFLEGVSGA,DFLEGVSGA,DFLEGVSGA,0.000827,15
HLA-A*01:01,1,187,195,9,TVDCEPRSG,TVDCEPRSG,TVDCEPRSG,0.000819,17
HLA-A*02:01,1,32,40,9,TIMSKDKPT,TIMSKDKPT,TIMSKDKPT,0.000817,16
HLA-B*07:02,1,303,311,9,GVCSKAFKF,GVCSKAFKF,GVCSKAFKF,0.000815,13
HLA-B*07:02,1,129,137,9,IIQKENIKY,IIQKENIKY,IIQKENIKY,0.000815,13
HLA-A*01:01,1,413,421,9,RGAQRLAAL,RGAQRLAAL,RGAQRLAAL,0.000811,17
HLA-A*02:01,1,246,254,9,HATKQSVVA,HATKQSVVA,HATKQSVVA,0.000799,16
HLA-A*01:01,1,207,215,9,GAKSFLVHR,GAKSFLVHR,GAKSFLVHR,0.000797,17
HLA-A*02:01,1,5,13,9,GMSNRDFLE,GMSNRDFLE,GMSNRDFLE,0.000795,16
HLA-A*01:01,1,188,196,9,VDCEPRSGI,VDCEPRSGI,VDCEPRSGI,0.000785,17
HLA-A*02:01,1,226,234,9,SSAGSTTWR,SSAGSTTWR,SSAGSTTWR,0.000773,16
HLA-B*07:02,1,353,361,9,GRLVTVNPF,GRLVTVNPF,GRLVTVNPF,0.000771,14
HLA-A*01:01,1,18,26,9,ATWVDLVLE,ATWVDLVLE,ATWVDLVLE,0.000769,17
HLA-A*01:01,1,483,491,9,MTFLAVGGV,MTFLAVGGV,MTFLAVGGV,0.000764,17
HLA-A*02:01,1,323,331,9,VVLELQYTG,VVLELQYTG,VVLELQYTG,0.000756,16
HLA-A*01:01,1,210,218,9,SFLVHREWF,SFLVHREWF,SFLVHREWF,0.000756,18
HLA-A*02:01,1,194,202,9,SGIDTSAYY,SGIDTSAYY,SGIDTSAYY,0.000752,16
HLA-A*01:01,1,15,23,9,VSGATWVDL,VSGATWVDL,VSGATWVDL,0.000752,18
HLA-A*01:01,1,121,129,9,CTTKATGWI,CTTKATGWI,CTTKATGWI,0.000738,18
HLA-A*01:01,1,52,60,9,NLADVRSYC,NLADVRSYC,NLADVRSYC,0.000734,18
HLA-A*02:01,1,342,350,9,SVASLNDLT,SVASLNDLT,SVASLNDLT,0.000732,16
HLA-A*01:01,1,364,372,9,VATANSKVL,VATANSKVL,VATANSKVL,0.000732,18
HLA-A*01:01,1,232,240,9,TWRNRETLM,TWRNRETLM,TWRNRETLM,0.000721,18
HLA-B*07:02,1,206,214,9,VGAKSFLVH,VGAKSFLVH,VGAKSFLVH,0.000719,14
HLA-A*02:01,1,200,208,9,AYYVMSVGA,AYYVMSVGA,AYYVMSVGA,0.000716,16
HLA-B*07:02,1,15,23,9,VSGATWVDL,VSGATWVDL,VSGATWVDL,0.000715,14
HLA-A*01:01,1,349,357,9,LTPVGRLVT,LTPVGRLVT,LTPVGRLVT,0.000708,18
HLA-A*01:01,1,392,400,9,QINHHWHKS,QINHHWHKS,QINHHWHKS,0.000707,18
HLA-A*01:01,1,314,322,9,TPADTGHGT,TPADTGHGT,TPADTGHGT,0.000703,18
HLA-B*07:02,1,275,283,9,SSNTVKLTS,SSNTVKLTS,SSNTVKLTS,0.000701,14
HLA-B*07:02,1,193,201,9,RSGIDTSAY,RSGIDTSAY,RSGIDTSAY,0.000698,14
HLA-A*01:01,1,31,39,9,VTIMSKDKP,VTIMSKDKP,VTIMSKDKP,0.000695,18
HLA-B*07:02,1,196,204,9,IDTSAYYVM,IDTSAYYVM,IDTSAYYVM,0.000694,14
HLA-A*02:01,1,317,325,9,DTGHGTVVL,DTGHGTVVL,DTGHGTVVL,0.000694,17
HLA-A*02:01,1,138,146,9,EVAIFVHGP,EVAIFVHGP,EVAIFVHGP,0.000693,17
HLA-A*01:01,1,141,149,9,IFVHGPTTV,IFVHGPTTV,IFVHGPTTV,0.000693,18
HLA-B*07:02,1,300,308,9,TTYGVCSKA,TTYGVCSKA,TTYGVCSKA,0.000688,14
HLA-A*01:01,1,385,393,9,VVGRGEQQI,VVGRGEQQI,VVGRGEQQI,0.000688,19
HLA-A*02:01,1,153,161,9,GNYSTQIGA,GNYSTQIGA,GNYSTQIGA,0.000686,17
HLA-A*01:01,1,443,451,9,HQVFGGAFR,HQVFGGAFR,HQVFGGAFR,0.000686,19
HLA-B*07:02,1,23,31,9,LVLEGDSCV,LVLEGDSCV,LVLEGDSCV,0.000685,14
HLA-A*01:01,1,57,65,9,RSYCYLASV,RSYCYLASV,RSYCYLASV,0.000683,19
HLA-A*02:01,1,364,372,9,VATANSKVL,VATANSKVL,VATANSKVL,0.000678,17
HLA-B*07:02,1,151,159,9,SHGNYSTQI,SHGNYSTQI,SHGNYSTQI,0.000677,14
HLA-A*01:01,1,404,412,9,IGKAFTTTL,IGKAFTTTL,IGKAFTTTL,0.000674,19
HLA-A*01:01,1,167,175,9,FSITPSAPS,FSITPSAPS,FSITPSAPS,0.000674,19
HLA-A*01:01,1,151,159,9,SHGNYSTQI,SHGNYSTQI,SHGNYSTQI,0.000674,19
HLA-A*01:01,1,319,327,9,GHGTVVLEL,GHGTVVLEL,GHGTVVLEL,0.000671,19
HLA-B*07:02,1,402,410,9,SSIGKAFTT,SSIGKAFTT,SSIGKAFTT,0.000666,14
HLA-B*07:02,1,301,309,9,TYGVCSKAF,TYGVCSKAF,TYGVCSKAF,0.000664,14
HLA-B*07:02,1,257,265,9,SQEGALHQA,SQEGALHQA,SQEGALHQA,0.000664,14
HLA-B*07:02,1,32,40,9,TIMSKDKPT,TIMSKDKPT,TIMSKDKPT,0.000662,15
HLA-A*02:01,1,484,492,9,TFLAVGGVL,TFLAVGGVL,TFLAVGGVL,0.000655,17
HLA-A*01:01,1,379,387,9,FGDSYIVVG,FGDSYIVVG,FGDSYIVVG,0.000655,19
HLA-A*02:01,1,443,451,9,HQVFGGAFR,HQVFGGAFR,HQVFGGAFR,0.000647,17
HLA-A*01:01,1,42,50,9,DVKMMNMEA,DVKMMNMEA,DVKMMNMEA,0.000646,19
HLA-A*02:01,1,321,329,9,GTVVLELQY,GTVVLELQY,GTVVLELQY,0.000641,17
HLA-B*07:02,1,478,486,9,DRSIAMTFL,DRSIAMTFL,DRSIAMTFL,0.00064,15
HLA-B*07:02,1,167,175,9,FSITPSAPS,FSITPSAPS,FSITPSAPS,0.000638,15
HLA-B*07:02,1,211,219,9,FLVHREWFM,FLVHREWFM,FLVHREWFM,0.000633,15
HLA-B*07:02,1,37,45,9,DKPTIDVKM,DKPTIDVKM,DKPTIDVKM,0.000632,15
HLA-B*07:02,1,7,15,9,SNRDFLEGV,SNRDFLEGV,SNRDFLEGV,0.00063,15
HLA-B*07:02,1,412,420,9,LRGAQRLAA,LRGAQRLAA,LRGAQRLAA,0.000624,15
HLA-A*02:01,1,434,442,9,VFTSVGKAI,VFTSVGKAI,VFTSVGKAI,0.000622,17
HLA-A*01:01,1,202,210,9,YVMSVGAKS,YVMSVGAKS,YVMSVGAKS,0.000622,20
HLA-A*01:01,1,48,56,9,MEAANLADV,MEAANLADV,MEAANLADV,0.000607,20
HLA-A*01:01,1,244,252,9,EPHATKQSV,EPHATKQSV,EPHATKQSV,0.000603,20
HLA-B*07:02,1,164,172,9,AGRFSITPS,AGRFSITPS,AGRFSITPS,0.000599,15
HLA-A*01:01,1,4,12,9,LGMSNRDFL,LGMSNRDFL,LGMSNRDFL,0.000596,20
HLA-A*01:01,1,366,374,9,TANSKVLIE,TANSKVLIE,TANSKVLIE,0.00059,20
HLA-A*01:01,1,380,388,9,GDSYIVVGR,GDSYIVVGR,GDSYIVVGR,0.000586,20
HLA-B*07:02,1,195,203,9,GIDTSAYYV,GIDTSAYYV,GIDTSAYYV,0.000583,15
HLA-B*07:02,1,147,155,9,TTVESHGNY,TTVESHGNY,TTVESHGNY,0.000581,15
HLA-A*01:01,1,215,223,9,REWFMDLNL,REWFMDLNL,REWFMDLNL,0.000581,20
HLA-A*01:01,1,96,104,9,VVDRGWGNG,VVDRGWGNG,VVDRGWGNG,0.00058,20
HLA-A*01:01,1,462,470,9,QGLLGALLL,QGLLGALLL,QGLLGALLL,0.000577,20
HLA-A*02:01,1,361,369,9,FVSVATANS,FVSVATANS,FVSVATANS,0.000576,18
HLA-B*07:02,1,217,225,9,WFMDLNLPW,WFMDLNLPW,WFMDLNLPW,0.000575,15
HLA-B*07:02,1,348,356,9,DLTPVGRLV,DLTPVGRLV,DLTPVGRLV,0.000573,15
HLA-B*07:02,1,71,79,9,RAACPTMGE,RAACPTMGE,RAACPTMGE,0.000573,15
HLA-A*02:01,1,122,130,9,TTKATGWII,TTKATGWII,TTKATGWII,0.000572,18
HLA-A*01:01,1,133,141,9,ENIKYEVAI,ENIKYEVAI,ENIKYEVAI,0.000572,21
HLA-A*01:01,1,343,351,9,VASLNDLTP,VASLNDLTP,VASLNDLTP,0.000571,21
HLA-A*01:01,1,280,288,9,KLTSGHLKC,KLTSGHLKC,KLTSGHLKC,0.000571,21
HLA-B*07:02,1,337,345,9,KVPISSVAS,KVPISSVAS,KVPISSVAS,0.000567,16
HLA-B*07:02,1,354,362,9,RLVTVNPFV,RLVTVNPFV,RLVTVNPFV,0.000564,16
HLA-A*02:01,1,167,175,9,FSITPSAPS,FSITPSAPS,FSITPSAPS,0.000564,18
HLA-A*01:01,1,131,139,9,QKENIKYEV,QKENIKYEV,QKENIKYEV,0.000564,21
HLA-A*01:01,1,353,361,9,GRLVTVNPF,GRLVTVNPF,GRLVTVNPF,0.000558,21
HLA-A*01:01,1,37,45,9,DKPTIDVKM,DKPTIDVKM,DKPTIDVKM,0.000553,21
HLA-B*07:02,1,344,352,9,ASLNDLTPV,ASLNDLTPV,ASLNDLTPV,0.000551,16
HLA-A*01:01,1,417,425,9,RLAALGDTA,RLAALGDTA,RLAALGDTA,0.00055,21
HLA-A*01:01,1,429,437,9,GSVGGVFTS,GSVGGVFTS,GSVGGVFTS,0.000549,21
HLA-A*01:01,1,142,150,9,FVHGPTTVE,FVHGPTTVE,FVHGPTTVE,0.000549,21
HLA-B*07:02,1,66,74,9,SDLSTRAAC,SDLSTRAAC,SDLSTRAAC,0.000541,16
HLA-A*02:01,1,234,242,9,RNRETLMEF,RNRETLMEF,RNRETLMEF,0.000535,18
HLA-A*02:01,1,477,485,9,RDRSIAMTF,RDRSIAMTF,RDRSIAMTF,0.000522,19
HLA-A*02:01,1,15,23,9,VSGATWVDL,VSGATWVDL,VSGATWVDL,0.000522,19
HLA-A*01:01,1,24,32,9,VLEGDSCVT,VLEGDSCVT,VLEGDSCVT,0.000522,22
HLA-A*01:01,1,125,133,9,ATGWIIQKE,ATGWIIQKE,ATGWIIQKE,0.000519,22
HLA-B*07:02,1,261,269,9,ALHQALAGA,ALHQALAGA,ALHQALAGA,0.000515,16
HLA-A*01:01,1,254,262,9,ALGSQEGAL,ALGSQEGAL,ALGSQEGAL,0.000514,22
HLA-B*07:02,1,155,163,9,YSTQIGATQ,YSTQIGATQ,YSTQIGATQ,0.000512,16
HLA-A*01:01,1,138,146,9,EVAIFVHGP,EVAIFVHGP,EVAIFVHGP,0.000511,22
HLA-A*01:01,1,312,320,9,AGTPADTGH,AGTPADTGH,AGTPADTGH,0.000507,22
HLA-A*02:01,1,399,407,9,KSGSSIGKA,KSGSSIGKA,KSGSSIGKA,0.000506,19
HLA-A*01:01,1,444,452,9,QVFGGAFRS,QVFGGAFRS,QVFGGAFRS,0.000506,22
HLA-A*02:01,1,287,295,9,KCRVKMEKL,KCRVKMEKL,KCRVKMEKL,0.000501,19
HLA-A*01:01,1,426,434,9,WDFGSVGGV,WDFGSVGGV,WDFGSVGGV,0.000498,22
HLA-B*07:02,1,433,441,9,GVFTSVGKA,GVFTSVGKA,GVFTSVGKA,0.000496,16
HLA-B*07:02,1,81,89,9,HNEKRADPA,HNEKRADPA,HNEKRADPA,0.000493,16
HLA-B*07:02,1,409,417,9,TTTLRGAQR,TTTLRGAQR,TTTLRGAQR,0.000492,16
HLA-A*02:01,1,451,459,9,RSLFGGMSW,RSLFGGMSW,RSLFGGMSW,0.00049,19
HLA-A*02:01,1,282,290,9,TSGHLKCRV,TSGHLKCRV,TSGHLKCRV,0.000485,19
HLA-A*02:01,1,389,397,9,GEQQINHHW,GEQQINHHW,GEQQINHHW,0.000483,19
HLA-A*02:01,1,337,345,9,KVPISSVAS,KVPISSVAS,KVPISSVAS,0.00047,19
HLA-A*01:01,1,62,70,9,LASVSDLST,LASVSDLST,LASVSDLST,0.000465,23
HLA-A*01:01,1,135,143,9,IKYEVAIFV,IKYEVAIFV,IKYEVAIFV,0.000464,23
HLA-B*07:02,1,307,315,9,KAFKFAGTP,KAFKFAGTP,KAFKFAGTP,0.000457,17
HLA-A*02:01,1,271,279,9,PVEFSSNTV,PVEFSSNTV,PVEFSSNTV,0.000455,20
HLA-A*01:01,1,408,416,9,FTTTLRGAQ,FTTTLRGAQ,FTTTLRGAQ,0.000454,23
HLA-A*02:01,1,63,71,9,ASVSDLSTR,ASVSDLSTR,ASVSDLSTR,0.000452,20
HLA-A*01:01,1,334,342,9,GPCKVPISS,GPCKVPISS,GPCKVPISS,0.000452,24
HLA-A*02:01,1,4,12,9,LGMSNRDFL,LGMSNRDFL,LGMSNRDFL,0.000449,20
HLA-A*01:01,1,73,81,9,ACPTMGEAH,ACPTMGEAH,ACPTMGEAH,0.000447,24
HLA-A*02:01,1,48,56,9,MEAANLADV,MEAANLADV,MEAANLADV,0.000437,20
HLA-A*01:01,1,345,353,9,SLNDLTPVG,SLNDLTPVG,SLNDLTPVG,0.000437,24
HLA-B*07:02,1,111,119,9,GSIDTCAKF,GSIDTCAKF,GSIDTCAKF,0.000436,17
HLA-A*01:01,1,25,33,9,LEGDSCVTI,LEGDSCVTI,LEGDSCVTI,0.000435,24
HLA-A*02:01,1,359,367,9,NPFVSVATA,NPFVSVATA,NPFVSVATA,0.000431,20
HLA-A*02:01,1,134,142,9,NIKYEVAIF,NIKYEVAIF,NIKYEVAIF,0.000431,20
HLA-B*07:02,1,133,141,9,ENIKYEVAI,ENIKYEVAI,ENIKYEVAI,0.000427,18
HLA-B*07:02,1,143,151,9,VHGPTTVES,VHGPTTVES,VHGPTTVES,0.000425,18
HLA-A*01:01,1,476,484,9,ARDRSIAMT,ARDRSIAMT,ARDRSIAMT,0.000425,24
HLA-A*01:01,1,411,419,9,TLRGAQRLA,TLRGAQRLA,TLRGAQRLA,0.000424,24
HLA-B*07:02,1,139,147,9,VAIFVHGPT,VAIFVHGPT,VAIFVHGPT,0.000422,18
HLA-A*01:01,1,81,89,9,HNEKRADPA,HNEKRADPA,HNEKRADPA,0.000418,25
HLA-A*01:01,1,372,380,9,LIELEPPFG,LIELEPPFG,LIELEPPFG,0.000417,25
HLA-A*02:01,1,53,61,9,LADVRSYCY,LADVRSYCY,LADVRSYCY,0.000415,20
HLA-A*02:01,1,209,217,9,KSFLVHREW,KSFLVHREW,KSFLVHREW,0.000412,20
HLA-A*01:01,1,284,292,9,GHLKCRVKM,GHLKCRVKM,GHLKCRVKM,0.000412,25
HLA-A*01:01,1,17,25,9,GATWVDLVL,GATWVDLVL,GATWVDLVL,0.000412,25
HLA-A*01:01,1,38,46,9,KPTIDVKMM,KPTIDVKMM,KPTIDVKMM,0.000408,25
HLA-B*07:02,1,335,343,9,PCKVPISSV,PCKVPISSV,PCKVPISSV,0.000406,18
HLA-A*02:01,1,407,415,9,AFTTTLRGA,AFTTTLRGA,AFTTTLRGA,0.000405,20
HLA-A*02:01,1,263,271,9,HQALAGAIP,HQALAGAIP,HQALAGAIP,0.000404,21
HLA-A*02:01,1,188,196,9,VDCEPRSGI,VDCEPRSGI,VDCEPRSGI,0.000404,21
HLA-A*01:01,1,186,194,9,VTVDCEPRS,VTVDCEPRS,VTVDCEPRS,0.000402,25
HLA-B*07:02,1,108,116,9,FGKGSIDTC,FGKGSIDTC,FGKGSIDTC,0.000397,18
HLA-A*02:01,1,274,282,9,FSSNTVKLT,FSSNTVKLT,FSSNTVKLT,0.000397,21
HLA-B*07:02,1,280,288,9,KLTSGHLKC,KLTSGHLKC,KLTSGHLKC,0.000394,18
HLA-B*07:02,1,159,167,9,IGATQAGRF,IGATQAGRF,IGATQAGRF,0.000394,18
HLA-A*01:01,1,322,330,9,TVVLELQYT,TVVLELQYT,TVVLELQYT,0.000392,25
HLA-B*07:02,1,277,285,9,NTVKLTSGH,NTVKLTSGH,NTVKLTSGH,0.000389,18
HLA-B*07:02,1,60,68,9,CYLASVSDL,CYLASVSDL,CYLASVSDL,0.000388,18
HLA-A*02:01,1,324,332,9,VLELQYTGK,VLELQYTGK,VLELQYTGK,0.000388,21
HLA-B*07:02,1,262,270,9,LHQALAGAI,LHQALAGAI,LHQALAGAI,0.000387,18
HLA-A*01:01,1,473,481,9,GINARDRSI,GINARDRSI,GINARDRSI,0.000387,26
HLA-A*01:01,1,264,272,9,QALAGAIPV,QALAGAIPV,QALAGAIPV,0.000387,26
HLA-A*01:01,1,99,107,9,RGWGNGCGL,RGWGNGCGL,RGWGNGCGL,0.000386,26
HLA-B*07:02,1,253,261,9,VALGSQEGA,VALGSQEGA,VALGSQEGA,0.000385,18
HLA-B*07:02,1,25,33,9,LEGDSCVTI,LEGDSCVTI,LEGDSCVTI,0.000384,18
HLA-A*01:01,1,100,108,9,GWGNGCGLF,GWGNGCGLF,GWGNGCGLF,0.000383,26
HLA-A*02:01,1,46,54,9,MNMEAANLA,MNMEAANLA,MNMEAANLA,0.000381,21
HLA-B*07:02,1,226,234,9,SSAGSTTWR,SSAGSTTWR,SSAGSTTWR,0.000379,18
HLA-B*07:02,1,124,132,9,KATGWIIQK,KATGWIIQK,KATGWIIQK,0.000375,19
HLA-B*07:02,1,435,443,9,FTSVGKAIH,FTSVGKAIH,FTSVGKAIH,0.000374,19
HLA-A*01:01,1,93,101,9,KQGVVDRGW,KQGVVDRGW,KQGVVDRGW,0.000374,26
HLA-A*02:01,1,133,141,9,ENIKYEVAI,ENIKYEVAI,ENIKYEVAI,0.000373,21
HLA-A*01:01,1,396,404,9,HWHKSGSSI,HWHKSGSSI,HWHKSGSSI,0.000373,26
HLA-A*01:01,1,227,235,9,SAGSTTWRN,SAGSTTWRN,SAGSTTWRN,0.000373,26
HLA-A*02:01,1,130,138,9,IQKENIKYE,IQKENIKYE,IQKENIKYE,0.000371,21
HLA-B*07:02,1,349,357,9,LTPVGRLVT,LTPVGRLVT,LTPVGRLVT,0.000365,19
HLA-B*07:02,1,251,259,9,SVVALGSQE,SVVALGSQE,SVVALGSQE,0.000365,19
HLA-A*02:01,1,177,185,9,TLKLGEYGE,TLKLGEYGE,TLKLGEYGE,0.000365,21
HLA-B*07:02,1,162,170,9,TQAGRFSIT,TQAGRFSIT,TQAGRFSIT,0.000363,19
HLA-B*07:02,1,157,165,9,TQIGATQAG,TQIGATQAG,TQIGATQAG,0.000361,19
HLA-A*01:01,1,405,413,9,GKAFTTTLR,GKAFTTTLR,GKAFTTTLR,0.00036,27
HLA-A*01:01,1,403,411,9,SIGKAFTTT,SIGKAFTTT,SIGKAFTTT,0.00036,27
HLA-A*01:01,1,34,42,9,MSKDKPTID,MSKDKPTID,MSKDKPTID,0.00036,27
HLA-A*02:01,1,315,323,9,PADTGHGTV,PADTGHGTV,PADTGHGTV,0.000357,21
HLA-B*07:02,1,230,238,9,STTWRNRET,STTWRNRET,STTWRNRET,0.000355,19
HLA-B*07:02,1,479,487,9,RSIAMTFLA,RSIAMTFLA,RSIAMTFLA,0.000354,19
HLA-A*01:01,1,401,409,9,GSSIGKAFT,GSSIGKAFT,GSSIGKAFT,0.000353,27
HLA-B*07:02,1,83,91,9,EKRADPAFV,EKRADPAFV,EKRADPAFV,0.000352,19
HLA-A*02:01,1,426,434,9,WDFGSVGGV,WDFGSVGGV,WDFGSVGGV,0.000345,22
HLA-A*02:01,1,249,257,9,KQSVVALGS,KQSVVALGS,KQSVVALGS,0.000341,22
HLA-A*01:01,1,261,269,9,ALHQALAGA,ALHQALAGA,ALHQALAGA,0.000341,27
HLA-B*07:02,1,423,431,9,DTAWDFGSV,DTAWDFGSV,DTAWDFGSV,0.000339,19
HLA-B*07:02,1,492,500,9,LLFLSVNVH,LLFLSVNVH,LLFLSVNVH,0.000338,19
HLA-A*02:01,1,396,404,9,HWHKSGSSI,HWHKSGSSI,HWHKSGSSI,0.000337,22
HLA-A*01:01,1,253,261,9,VALGSQEGA,VALGSQEGA,VALGSQEGA,0.000337,28
HLA-B*07:02,1,63,71,9,ASVSDLSTR,ASVSDLSTR,ASVSDLSTR,0.000335,19
HLA-A*01:01,1,268,276,9,GAIPVEFSS,GAIPVEFSS,GAIPVEFSS,0.000334,28
HLA-A*02:01,1,258,266,9,QEGALHQAL,QEGALHQAL,QEGALHQAL,0.000333,22
HLA-A*02:01,1,304,312,9,VCSKAFKFA,VCSKAFKFA,VCSKAFKFA,0.000331,22
HLA-A*02:01,1,241,249,9,EFEEPHATK,EFEEPHATK,EFEEPHATK,0.000331,22
HLA-A*01:01,1,478,486,9,DRSIAMTFL,DRSIAMTFL,DRSIAMTFL,0.00033,28
HLA-A*01:01,1,368,376,9,NSKVLIELE,NSKVLIELE,NSKVLIELE,0.000329,28
HLA-A*01:01,1,114,122,9,DTCAKFACT,DTCAKFACT,DTCAKFACT,0.000323,28
HLA-B*07:02,1,207,215,9,GAKSFLVHR,GAKSFLVHR,GAKSFLVHR,0.000322,20
HLA-B*07:02,1,175,183,9,SYTLKLGEY,SYTLKLGEY,SYTLKLGEY,0.000316,20
HLA-B*07:02,1,352,360,9,VGRLVTVNP,VGRLVTVNP,VGRLVTVNP,0.000315,20
HLA-A*01:01,1,464,472,9,LLGALLLWM,LLGALLLWM,LLGALLLWM,0.000314,29
HLA-A*02:01,1,18,26,9,ATWVDLVLE,ATWVDLVLE,ATWVDLVLE,0.000313,22
HLA-A*01:01,1,433,441,9,GVFTSVGKA,GVFTSVGKA,GVFTSVGKA,0.000313,29
HLA-A*01:01,1,75,83,9,PTMGEAHNE,PTMGEAHNE,PTMGEAHNE,0.00031,29
HLA-A*01:01,1,428,436,9,FGSVGGVFT,FGSVGGVFT,FGSVGGVFT,0.000309,29
HLA-B*07:02,1,332,340,9,KDGPCKVPI,KDGPCKVPI,KDGPCKVPI,0.000307,20
HLA-B*07:02,1,384,392,9,IVVGRGEQQ,IVVGRGEQQ,IVVGRGEQQ,0.000306,20
HLA-A*01:01,1,213,221,9,VHREWFMDL,VHREWFMDL,VHREWFMDL,0.000306,29
HLA-A*02:01,1,106,114,9,GLFGKGSID,GLFGKGSID,GLFGKGSID,0.000305,23
HLA-A*02:01,1,13,21,9,EGVSGATWV,EGVSGATWV,EGVSGATWV,0.000305,23
HLA-A*01:01,1,50,58,9,AANLADVRS,AANLADVRS,AANLADVRS,0.000305,29
HLA-A*01:01,1,291,299,9,KMEKLQLKG,KMEKLQLKG,KMEKLQLKG,0.000304,29
HLA-A*02:01,1,42,50,9,DVKMMNMEA,DVKMMNMEA,DVKMMNMEA,0.000303,23
HLA-A*02:01,1,291,299,9,KMEKLQLKG,KMEKLQLKG,KMEKLQLKG,0.000301,23
HLA-A*02:01,1,244,252,9,EPHATKQSV,EPHATKQSV,EPHATKQSV,0.000301,23
HLA-A*01:01,1,376,384,9,EPPFGDSYI,EPPFGDSYI,EPPFGDSYI,0.000299,29
HLA-A*01:01,1,128,136,9,WIIQKENIK,WIIQKENIK,WIIQKENIK,0.000298,29
HLA-A*02:01,1,347,355,9,NDLTPVGRL,NDLTPVGRL,NDLTPVGRL,0.000297,23
HLA-A*01:01,1,493,501,9,LFLSVNVHA,LFLSVNVHA,LFLSVNVHA,0.000297,29
HLA-A*01:01,1,163,171,9,QAGRFSITP,QAGRFSITP,QAGRFSITP,0.000296,29
HLA-A*02:01,1,316,324,9,ADTGHGTVV,ADTGHGTVV,ADTGHGTVV,0.000295,23
HLA-A*02:01,1,307,315,9,KAFKFAGTP,KAFKFAGTP,KAFKFAGTP,0.000294,23
HLA-A*01:01,1,116,124,9,CAKFACTTK,CAKFACTTK,CAKFACTTK,0.000293,30
HLA-B*07:02,1,383,391,9,YIVVGRGEQ,YIVVGRGEQ,YIVVGRGEQ,0.000291,21
HLA-A*01:01,1,230,238,9,STTWRNRET,STTWRNRET,STTWRNRET,0.000291,30
HLA-A*02:01,1,225,233,9,WSSAGSTTW,WSSAGSTTW,WSSAGSTTW,0.000289,23
HLA-B*07:02,1,263,271,9,HQALAGAIP,HQALAGAIP,HQALAGAIP,0.000284,21
HLA-A*01:01,1,290,298,9,VKMEKLQLK,VKMEKLQLK,VKMEKLQLK,0.000278,31
HLA-A*01:01,1,361,369,9,FVSVATANS,FVSVATANS,FVSVATANS,0.000277,31
HLA-B*07:02,1,265,273,9,ALAGAIPVE,ALAGAIPVE,ALAGAIPVE,0.000274,21
HLA-B*07:02,1,135,143,9,IKYEVAIFV,IKYEVAIFV,IKYEVAIFV,0.000274,21
HLA-A*01:01,1,158,166,9,QIGATQAGR,QIGATQAGR,QIGATQAGR,0.000274,31
HLA-B*07:02,1,366,374,9,TANSKVLIE,TANSKVLIE,TANSKVLIE,0.000271,21
HLA-B*07:02,1,469,477,9,LLWMGINAR,LLWMGINAR,LLWMGINAR,0.00027,21
HLA-B*07:02,1,238,246,9,TLMEFEEPH,TLMEFEEPH,TLMEFEEPH,0.00027,21
HLA-A*02:01,1,482,490,9,AMTFLAVGG,AMTFLAVGG,AMTFLAVGG,0.00027,24
HLA-A*02:01,1,327,335,9,LQYTGKDGP,LQYTGKDGP,LQYTGKDGP,0.00027,24
HLA-A*02:01,1,147,155,9,TTVESHGNY,TTVESHGNY,TTVESHGNY,0.00027,24
HLA-B*07:02,1,131,139,9,QKENIKYEV,QKENIKYEV,QKENIKYEV,0.000265,21
HLA-B*07:02,1,11,19,9,FLEGVSGAT,FLEGVSGAT,FLEGVSGAT,0.000265,21
HLA-B*07:02,1,268,276,9,GAIPVEFSS,GAIPVEFSS,GAIPVEFSS,0.000263,21
HLA-A*01:01,1,445,453,9,VFGGAFRSL,VFGGAFRSL,VFGGAFRSL,0.000262,31
HLA-A*02:01,1,290,298,9,VKMEKLQLK,VKMEKLQLK,VKMEKLQLK,0.000261,24
HLA-A*01:01,1,219,227,9,MDLNLPWSS,MDLNLPWSS,MDLNLPWSS,0.00026,32
HLA-B*07:02,1,242,250,9,FEEPHATKQ,FEEPHATKQ,FEEPHATKQ,0.000258,22
HLA-A*02:01,1,213,221,9,VHREWFMDL,VHREWFMDL,VHREWFMDL,0.000258,24
HLA-B*07:02,1,420,428,9,ALGDTAWDF,ALGDTAWDF,ALGDTAWDF,0.000255,22
HLA-B*07:02,1,259,267,9,EGALHQALA,EGALHQALA,EGALHQALA,0.000255,22
HLA-B*07:02,1,252,260,9,VVALGSQEG,VVALGSQEG,VVALGSQEG,0.000255,22
HLA-B*07:02,1,51,59,9,ANLADVRSY,ANLADVRSY,ANLADVRSY,0.000255,22
HLA-A*01:01,1,55,63,9,DVRSYCYLA,DVRSYCYLA,DVRSYCYLA,0.000254,32
HLA-B*07:02,1,271,279,9,PVEFSSNTV,PVEFSSNTV,PVEFSSNTV,0.000253,22
HLA-A*01:01,1,301,309,9,TYGVCSKAF,TYGVCSKAF,TYGVCSKAF,0.000253,32
HLA-B*07:02,1,283,291,9,SGHLKCRVK,SGHLKCRVK,SGHLKCRVK,0.000248,22
HLA-A*02:01,1,428,436,9,FGSVGGVFT,FGSVGGVFT,FGSVGGVFT,0.000248,25
HLA-A*01:01,1,491,499,9,VLLFLSVNV,VLLFLSVNV,VLLFLSVNV,0.000247,32
HLA-A*01:01,1,140,148,9,AIFVHGPTT,AIFVHGPTT,AIFVHGPTT,0.000247,32
HLA-B*07:02,1,395,403,9,HHWHKSGSS,HHWHKSGSS,HHWHKSGSS,0.000245,22
HLA-B*07:02,1,199,207,9,SAYYVMSVG,SAYYVMSVG,SAYYVMSVG,0.000244,22
HLA-A*01:01,1,39,47,9,PTIDVKMMN,PTIDVKMMN,PTIDVKMMN,0.000244,33
HLA-B*07:02,1,272,280,9,VEFSSNTVK,VEFSSNTVK,VEFSSNTVK,0.000242,22
HLA-A*02:01,1,418,426,9,LAALGDTAW,LAALGDTAW,LAALGDTAW,0.000241,25
HLA-B*07:02,1,55,63,9,DVRSYCYLA,DVRSYCYLA,DVRSYCYLA,0.000239,22
HLA-A*01:01,1,250,258,9,QSVVALGSQ,QSVVALGSQ,QSVVALGSQ,0.000239,33
HLA-A*01:01,1,149,157,9,VESHGNYST,VESHGNYST,VESHGNYST,0.000239,33
HLA-B*07:02,1,144,152,9,HGPTTVESH,HGPTTVESH,HGPTTVESH,0.000237,22
HLA-B*07:02,1,43,51,9,VKMMNMEAA,VKMMNMEAA,VKMMNMEAA,0.000236,22
HLA-B*07:02,1,426,434,9,WDFGSVGGV,WDFGSVGGV,WDFGSVGGV,0.000235,23
HLA-B*07:02,1,424,432,9,TAWDFGSVG,TAWDFGSVG,TAWDFGSVG,0.000234,23
HLA-B*07:02,1,118,126,9,KFACTTKAT,KFACTTKAT,KFACTTKAT,0.000231,23
HLA-B*07:02,1,105,113,9,CGLFGKGSI,CGLFGKGSI,CGLFGKGSI,0.000231,23
HLA-B*07:02,1,112,120,9,SIDTCAKFA,SIDTCAKFA,SIDTCAKFA,0.00023,23
HLA-A*01:01,1,110,118,9,KGSIDTCAK,KGSIDTCAK,KGSIDTCAK,0.000227,34
HLA-A*01:01,1,80,88,9,AHNEKRADP,AHNEKRADP,AHNEKRADP,0.000227,34
HLA-B*07:02,1,459,467,9,WITQGLLGA,WITQGLLGA,WITQGLLGA,0.000226,23
HLA-A*01:01,1,387,395,9,GRGEQQINH,GRGEQQINH,GRGEQQINH,0.000226,34
HLA-A*01:01,1,245,253,9,PHATKQSVV,PHATKQSVV,PHATKQSVV,0.000226,34
HLA-A*01:01,1,340,348,9,ISSVASLND,ISSVASLND,ISSVASLND,0.000225,34
HLA-A*01:01,1,20,28,9,WVDLVLEGD,WVDLVLEGD,WVDLVLEGD,0.000224,34
HLA-A*02:01,1,22,30,9,DLVLEGDSC,DLVLEGDSC,DLVLEGDSC,0.000223,25
HLA-A*01:01,1,459,467,9,WITQGLLGA,WITQGLLGA,WITQGLLGA,0.000223,34
HLA-A*01:01,1,84,92,9,KRADPAFVC,KRADPAFVC,KRADPAFVC,0.000223,34
HLA-B*07:02,1,408,416,9,FTTTLRGAQ,FTTTLRGAQ,FTTTLRGAQ,0.000222,23
HLA-A*01:01,1,5,13,9,GMSNRDFLE,GMSNRDFLE,GMSNRDFLE,0.000222,34
HLA-A*01:01,1,432,440,9,GGVFTSVGK,GGVFTSVGK,GGVFTSVGK,0.000219,34
HLA-A*01:01,1,359,367,9,NPFVSVATA,NPFVSVATA,NPFVSVATA,0.000219,34
HLA-A*01:01,1,153,161,9,GNYSTQIGA,GNYSTQIGA,GNYSTQIGA,0.000219,34
HLA-A*01:01,1,1,9,9,FNCLGMSNR,FNCLGMSNR,FNCLGMSNR,0.000219,34
HLA-A*01:01,1,302,310,9,YGVCSKAFK,YGVCSKAFK,YGVCSKAFK,0.000218,34
HLA-A*02:01,1,392,400,9,QINHHWHKS,QINHHWHKS,QINHHWHKS,0.000217,26
HLA-A*02:01,1,251,259,9,SVVALGSQE,SVVALGSQE,SVVALGSQE,0.000217,26
HLA-B*07:02,1,483,491,9,MTFLAVGGV,MTFLAVGGV,MTFLAVGGV,0.000216,23
HLA-B*07:02,1,180,188,9,LGEYGEVTV,LGEYGEVTV,LGEYGEVTV,0.000216,23
HLA-B*07:02,1,76,84,9,TMGEAHNEK,TMGEAHNEK,TMGEAHNEK,0.000214,23
HLA-A*01:01,1,337,345,9,KVPISSVAS,KVPISSVAS,KVPISSVAS,0.000212,35
HLA-B*07:02,1,13,21,9,EGVSGATWV,EGVSGATWV,EGVSGATWV,0.000211,24
HLA-A*02:01,1,400,408,9,SGSSIGKAF,SGSSIGKAF,SGSSIGKAF,0.000211,26
HLA-A*01:01,1,228,236,9,AGSTTWRNR,AGSTTWRNR,AGSTTWRNR,0.000211,35
HLA-B*07:02,1,345,353,9,SLNDLTPVG,SLNDLTPVG,SLNDLTPVG,0.00021,24
HLA-B*07:02,1,169,177,9,ITPSAPSYT,ITPSAPSYT,ITPSAPSYT,0.00021,24
HLA-A*02:01,1,308,316,9,AFKFAGTPA,AFKFAGTPA,AFKFAGTPA,0.00021,26
HLA-A*01:01,1,320,328,9,HGTVVLELQ,HGTVVLELQ,HGTVVLELQ,0.000207,35
HLA-A*02:01,1,272,280,9,VEFSSNTVK,VEFSSNTVK,VEFSSNTVK,0.000206,26
HLA-A*01:01,1,162,170,9,TQAGRFSIT,TQAGRFSIT,TQAGRFSIT,0.000206,35
HLA-A*02:01,1,237,245,9,ETLMEFEEP,ETLMEFEEP,ETLMEFEEP,0.000204,26
HLA-A*02:01,1,125,133,9,ATGWIIQKE,ATGWIIQKE,ATGWIIQKE,0.000203,26
HLA-A*01:01,1,132,140,9,KENIKYEVA,KENIKYEVA,KENIKYEVA,0.000202,36
HLA-A*02:01,1,375,383,9,LEPPFGDSY,LEPPFGDSY,LEPPFGDSY,0.0002,26
HLA-A*01:01,1,469,477,9,LLWMGINAR,LLWMGINAR,LLWMGINAR,0.0002,36
HLA-A*01:01,1,406,414,9,KAFTTTLRG,KAFTTTLRG,KAFTTTLRG,0.0002,36
HLA-A*01:01,1,424,432,9,TAWDFGSVG,TAWDFGSVG,TAWDFGSVG,0.000195,36
HLA-A*01:01,1,267,275,9,AGAIPVEFS,AGAIPVEFS,AGAIPVEFS,0.000195,36
HLA-B*07:02,1,48,56,9,MEAANLADV,MEAANLADV,MEAANLADV,0.000194,24
HLA-A*02:01,1,127,135,9,GWIIQKENI,GWIIQKENI,GWIIQKENI,0.000194,27
HLA-A*02:01,1,117,125,9,AKFACTTKA,AKFACTTKA,AKFACTTKA,0.000193,27
HLA-A*01:01,1,13,21,9,EGVSGATWV,EGVSGATWV,EGVSGATWV,0.000193,36
HLA-A*01:01,1,166,174,9,RFSITPSAP,RFSITPSAP,RFSITPSAP,0.000192,37
HLA-A*01:01,1,287,295,9,KCRVKMEKL,KCRVKMEKL,KCRVKMEKL,0.000191,37
HLA-B*07:02,1,46,54,9,MNMEAANLA,MNMEAANLA,MNMEAANLA,0.00019,25
HLA-A*01:01,1,283,291,9,SGHLKCRVK,SGHLKCRVK,SGHLKCRVK,0.00019,37
HLA-A*01:01,1,191,199,9,EPRSGIDTS,EPRSGIDTS,EPRSGIDTS,0.00019,37
HLA-A*01:01,1,71,79,9,RAACPTMGE,RAACPTMGE,RAACPTMGE,0.00019,37
HLA-B*07:02,1,200,208,9,AYYVMSVGA,AYYVMSVGA,AYYVMSVGA,0.000189,25
HLA-B*07:02,1,117,125,9,AKFACTTKA,AKFACTTKA,AKFACTTKA,0.000189,25
HLA-A*01:01,1,384,392,9,IVVGRGEQQ,IVVGRGEQQ,IVVGRGEQQ,0.000189,37
HLA-A*01:01,1,265,273,9,ALAGAIPVE,ALAGAIPVE,ALAGAIPVE,0.000189,37
HLA-B*07:02,1,493,501,9,LFLSVNVHA,LFLSVNVHA,LFLSVNVHA,0.000188,25
HLA-A*02:01,1,151,159,9,SHGNYSTQI,SHGNYSTQI,SHGNYSTQI,0.000188,27
HLA-A*02:01,1,335,343,9,PCKVPISSV,PCKVPISSV,PCKVPISSV,0.000187,27
HLA-A*02:01,1,284,292,9,GHLKCRVKM,GHLKCRVKM,GHLKCRVKM,0.000186,27
HLA-A*01:01,1,279,287,9,VKLTSGHLK,VKLTSGHLK,VKLTSGHLK,0.000186,37
HLA-A*01:01,1,425,433,9,AWDFGSVGG,AWDFGSVGG,AWDFGSVGG,0.000183,37
HLA-A*01:01,1,252,260,9,VVALGSQEG,VVALGSQEG,VVALGSQEG,0.000182,37
HLA-A*02:01,1,158,166,9,QIGATQAGR,QIGATQAGR,QIGATQAGR,0.000181,27
HLA-B*07:02,1,444,452,9,QVFGGAFRS,QVFGGAFRS,QVFGGAFRS,0.00018,25
HLA-B*07:02,1,489,497,9,GGVLLFLSV,GGVLLFLSV,GGVLLFLSV,0.000179,25
HLA-A*01:01,1,434,442,9,VFTSVGKAI,VFTSVGKAI,VFTSVGKAI,0.000179,38
HLA-A*01:01,1,484,492,9,TFLAVGGVL,TFLAVGGVL,TFLAVGGVL,0.000178,38
HLA-A*01:01,1,165,173,9,GRFSITPSA,GRFSITPSA,GRFSITPSA,0.000178,38
HLA-B*07:02,1,77,85,9,MGEAHNEKR,MGEAHNEKR,MGEAHNEKR,0.000177,25
HLA-A*02:01,1,438,446,9,VGKAIHQVF,VGKAIHQVF,VGKAIHQVF,0.000177,28
HLA-B*07:02,1,245,253,9,PHATKQSVV,PHATKQSVV,PHATKQSVV,0.000175,25
HLA-B*07:02,1,148,156,9,TVESHGNYS,TVESHGNYS,TVESHGNYS,0.000175,25
HLA-B*07:02,1,62,70,9,LASVSDLST,LASVSDLST,LASVSDLST,0.000175,25
HLA-A*01:01,1,441,449,9,AIHQVFGGA,AIHQVFGGA,AIHQVFGGA,0.000175,38
HLA-A*01:01,1,355,363,9,LVTVNPFVS,LVTVNPFVS,LVTVNPFVS,0.000175,38
HLA-A*01:01,1,143,151,9,VHGPTTVES,VHGPTTVES,VHGPTTVES,0.000174,38
HLA-A*01:01,1,449,457,9,AFRSLFGGM,AFRSLFGGM,AFRSLFGGM,0.000173,38
HLA-A*01:01,1,454,462,9,FGGMSWITQ,FGGMSWITQ,FGGMSWITQ,0.000171,39
HLA-A*01:01,1,304,312,9,VCSKAFKFA,VCSKAFKFA,VCSKAFKFA,0.000171,39
HLA-B*07:02,1,192,200,9,PRSGIDTSA,PRSGIDTSA,PRSGIDTSA,0.00017,26
HLA-A*02:01,1,166,174,9,RFSITPSAP,RFSITPSAP,RFSITPSAP,0.00017,28
HLA-A*02:01,1,60,68,9,CYLASVSDL,CYLASVSDL,CYLASVSDL,0.00017,28
HLA-A*01:01,1,183,191,9,YGEVTVDCE,YGEVTVDCE,YGEVTVDCE,0.000166,39
HLA-A*02:01,1,376,384,9,EPPFGDSYI,EPPFGDSYI,EPPFGDSYI,0.000165,28
HLA-B*07:02,1,310,318,9,KFAGTPADT,KFAGTPADT,KFAGTPADT,0.000164,26
HLA-A*02:01,1,275,283,9,SSNTVKLTS,SSNTVKLTS,SSNTVKLTS,0.000164,29
HLA-A*02:01,1,93,101,9,KQGVVDRGW,KQGVVDRGW,KQGVVDRGW,0.000163,29
HLA-A*02:01,1,38,46,9,KPTIDVKMM,KPTIDVKMM,KPTIDVKMM,0.000163,29
HLA-A*01:01,1,318,326,9,TGHGTVVLE,TGHGTVVLE,TGHGTVVLE,0.000163,40
HLA-B*07:02,1,362,370,9,VSVATANSK,VSVATANSK,VSVATANSK,0.000162,26
HLA-A*02:01,1,128,136,9,WIIQKENIK,WIIQKENIK,WIIQKENIK,0.000162,29
HLA-A*02:01,1,54,62,9,ADVRSYCYL,ADVRSYCYL,ADVRSYCYL,0.000162,29
HLA-A*01:01,1,108,116,9,FGKGSIDTC,FGKGSIDTC,FGKGSIDTC,0.00016,40
HLA-A*01:01,1,263,271,9,HQALAGAIP,HQALAGAIP,HQALAGAIP,0.000159,40
HLA-A*02:01,1,295,303,9,LQLKGTTYG,LQLKGTTYG,LQLKGTTYG,0.000155,29
HLA-A*01:01,1,398,406,9,HKSGSSIGK,HKSGSSIGK,HKSGSSIGK,0.000155,40
HLA-A*01:01,1,251,259,9,SVVALGSQE,SVVALGSQE,SVVALGSQE,0.000155,40
HLA-A*01:01,1,10,18,9,DFLEGVSGA,DFLEGVSGA,DFLEGVSGA,0.000155,40
HLA-A*01:01,1,67,75,9,DLSTRAACP,DLSTRAACP,DLSTRAACP,0.000154,41
HLA-B*07:02,1,182,190,9,EYGEVTVDC,EYGEVTVDC,EYGEVTVDC,0.000153,27
HLA-A*02:01,1,131,139,9,QKENIKYEV,QKENIKYEV,QKENIKYEV,0.000153,29
HLA-A*02:01,1,55,63,9,DVRSYCYLA,DVRSYCYLA,DVRSYCYLA,0.000152,29
HLA-A*01:01,1,307,315,9,KAFKFAGTP,KAFKFAGTP,KAFKFAGTP,0.000151,41
HLA-B*07:02,1,476,484,9,ARDRSIAMT,ARDRSIAMT,ARDRSIAMT,0.00015,27
HLA-A*02:01,1,186,194,9,VTVDCEPRS,VTVDCEPRS,VTVDCEPRS,0.00015,29
HLA-B*07:02,1,89,97,9,AFVCKQGVV,AFVCKQGVV,AFVCKQGVV,0.000149,27
HLA-A*01:01,1,262,270,9,LHQALAGAI,LHQALAGAI,LHQALAGAI,0.000149,41
HLA-B*07:02,1,321,329,9,GTVVLELQY,GTVVLELQY,GTVVLELQY,0.000148,27
HLA-A*01:01,1,270,278,9,IPVEFSSNT,IPVEFSSNT,IPVEFSSNT,0.000148,41
HLA-B*07:02,1,474,482,9,INARDRSIA,INARDRSIA,INARDRSIA,0.000147,27
HLA-A*02:01,1,155,163,9,YSTQIGATQ,YSTQIGATQ,YSTQIGATQ,0.000147,30
HLA-B*07:02,1,281,289,9,LTSGHLKCR,LTSGHLKCR,LTSGHLKCR,0.000146,27
HLA-A*02:01,1,281,289,9,LTSGHLKCR,LTSGHLKCR,LTSGHLKCR,0.000146,30
HLA-B*07:02,1,150,158,9,ESHGNYSTQ,ESHGNYSTQ,ESHGNYSTQ,0.000145,27
HLA-B*07:02,1,73,81,9,ACPTMGEAH,ACPTMGEAH,ACPTMGEAH,0.000145,27
HLA-A*01:01,1,332,340,9,KDGPCKVPI,KDGPCKVPI,KDGPCKVPI,0.000145,42
HLA-A*02:01,1,384,392,9,IVVGRGEQQ,IVVGRGEQQ,IVVGRGEQQ,0.000144,30
HLA-A*02:01,1,163,171,9,QAGRFSITP,QAGRFSITP,QAGRFSITP,0.000144,30
HLA-A*01:01,1,115,123,9,TCAKFACTT,TCAKFACTT,TCAKFACTT,0.000144,42
HLA-B*07:02,1,406,414,9,KAFTTTLRG,KAFTTTLRG,KAFTTTLRG,0.000143,27
HLA-A*01:01,1,185,193,9,EVTVDCEPR,EVTVDCEPR,EVTVDCEPR,0.000143,42
HLA-B*07:02,1,49,57,9,EAANLADVR,EAANLADVR,EAANLADVR,0.000142,28
HLA-A*01:01,1,86,94,9,ADPAFVCKQ,ADPAFVCKQ,ADPAFVCKQ,0.000141,42
HLA-B*07:02,1,388,396,9,RGEQQINHH,RGEQQINHH,RGEQQINHH,0.00014,28
HLA-B*07:02,1,163,171,9,QAGRFSITP,QAGRFSITP,QAGRFSITP,0.000139,28
HLA-B*07:02,1,120,128,9,ACTTKATGW,ACTTKATGW,ACTTKATGW,0.000139,28
HLA-B*07:02,1,80,88,9,AHNEKRADP,AHNEKRADP,AHNEKRADP,0.000139,28
HLA-B*07:02,1,36,44,9,KDKPTIDVK,KDKPTIDVK,KDKPTIDVK,0.000138,28
HLA-A*02:01,1,343,351,9,VASLNDLTP,VASLNDLTP,VASLNDLTP,0.000138,30
HLA-A*01:01,1,179,187,9,KLGEYGEVT,KLGEYGEVT,KLGEYGEVT,0.000138,43
HLA-B*07:02,1,343,351,9,VASLNDLTP,VASLNDLTP,VASLNDLTP,0.000137,28
HLA-B*07:02,1,336,344,9,CKVPISSVA,CKVPISSVA,CKVPISSVA,0.000135,28
HLA-A*02:01,1,67,75,9,DLSTRAACP,DLSTRAACP,DLSTRAACP,0.000135,31
HLA-A*02:01,1,157,165,9,TQIGATQAG,TQIGATQAG,TQIGATQAG,0.000134,31
HLA-A*01:01,1,474,482,9,INARDRSIA,INARDRSIA,INARDRSIA,0.000134,43
HLA-B*07:02,1,132,140,9,KENIKYEVA,KENIKYEVA,KENIKYEVA,0.000132,28
HLA-A*02:01,1,26,34,9,EGDSCVTIM,EGDSCVTIM,EGDSCVTIM,0.000132,31
HLA-B*07:02,1,361,369,9,FVSVATANS,FVSVATANS,FVSVATANS,0.000131,28
HLA-A*02:01,1,409,417,9,TTTLRGAQR,TTTLRGAQR,TTTLRGAQR,0.000131,31
HLA-A*02:01,1,51,59,9,ANLADVRSY,ANLADVRSY,ANLADVRSY,0.000131,31
HLA-A*01:01,1,335,343,9,PCKVPISSV,PCKVPISSV,PCKVPISSV,0.000131,44
HLA-A*02:01,1,37,45,9,DKPTIDVKM,DKPTIDVKM,DKPTIDVKM,0.00013,31
HLA-A*01:01,1,313,321,9,GTPADTGHG,GTPADTGHG,GTPADTGHG,0.00013,44
HLA-B*07:02,1,390,398,9,EQQINHHWH,EQQINHHWH,EQQINHHWH,0.000129,29
HLA-A*02:01,1,378,386,9,PFGDSYIVV,PFGDSYIVV,PFGDSYIVV,0.000129,31
HLA-A*01:01,1,60,68,9,CYLASVSDL,CYLASVSDL,CYLASVSDL,0.000129,44
HLA-A*02:01,1,366,374,9,TANSKVLIE,TANSKVLIE,TANSKVLIE,0.000128,31
HLA-B*07:02,1,407,415,9,AFTTTLRGA,AFTTTLRGA,AFTTTLRGA,0.000127,29
HLA-A*01:01,1,249,257,9,KQSVVALGS,KQSVVALGS,KQSVVALGS,0.000127,44
HLA-B*07:02,1,342,350,9,SVASLNDLT,SVASLNDLT,SVASLNDLT,0.000126,29
HLA-A*02:01,1,176,184,9,YTLKLGEYG,YTLKLGEYG,YTLKLGEYG,0.000126,31
HLA-A*01:01,1,223,231,9,LPWSSAGST,LPWSSAGST,LPWSSAGST,0.000126,44
HLA-A*02:01,1,377,385,9,PPFGDSYIV,PPFGDSYIV,PPFGDSYIV,0.000125,31
HLA-A*01:01,1,269,277,9,AIPVEFSSN,AIPVEFSSN,AIPVEFSSN,0.000125,44
HLA-A*02:01,1,355,363,9,LVTVNPFVS,LVTVNPFVS,LVTVNPFVS,0.000124,32
HLA-A*02:01,1,3,11,9,CLGMSNRDF,CLGMSNRDF,CLGMSNRDF,0.000124,32
HLA-A*01:01,1,311,319,9,FAGTPADTG,FAGTPADTG,FAGTPADTG,0.000124,45
HLA-A*01:01,1,222,230,9,NLPWSSAGS,NLPWSSAGS,NLPWSSAGS,0.000124,45
HLA-A*02:01,1,267,275,9,AGAIPVEFS,AGAIPVEFS,AGAIPVEFS,0.000123,32
HLA-A*01:01,1,381,389,9,DSYIVVGRG,DSYIVVGRG,DSYIVVGRG,0.000122,45
HLA-A*01:01,1,378,386,9,PFGDSYIVV,PFGDSYIVV,PFGDSYIVV,0.000122,45
HLA-A*02:01,1,44,52,9,KMMNMEAAN,KMMNMEAAN,KMMNMEAAN,0.000121,32
HLA-A*01:01,1,216,224,9,EWFMDLNLP,EWFMDLNLP,EWFMDLNLP,0.000121,45
HLA-A*01:01,1,97,105,9,VDRGWGNGC,VDRGWGNGC,VDRGWGNGC,0.000121,45
HLA-A*02:01,1,62,70,9,LASVSDLST,LASVSDLST,LASVSDLST,0.000119,32
HLA-A*01:01,1,174,182,9,PSYTLKLGE,PSYTLKLGE,PSYTLKLGE,0.000119,45
HLA-A*02:01,1,115,123,9,TCAKFACTT,TCAKFACTT,TCAKFACTT,0.000118,32
HLA-B*07:02,1,392,400,9,QINHHWHKS,QINHHWHKS,QINHHWHKS,0.000117,30
HLA-B*07:02,1,154,162,9,NYSTQIGAT,NYSTQIGAT,NYSTQIGAT,0.000117,30
HLA-B*07:02,1,10,18,9,DFLEGVSGA,DFLEGVSGA,DFLEGVSGA,0.000117,30
HLA-A*02:01,1,259,267,9,EGALHQALA,EGALHQALA,EGALHQALA,0.000116,32
HLA-A*02:01,1,121,129,9,CTTKATGWI,CTTKATGWI,CTTKATGWI,0.000115,32
HLA-A*01:01,1,83,91,9,EKRADPAFV,EKRADPAFV,EKRADPAFV,0.000115,46
HLA-A*01:01,1,489,497,9,GGVLLFLSV,GGVLLFLSV,GGVLLFLSV,0.000114,46
HLA-A*01:01,1,229,237,9,GSTTWRNRE,GSTTWRNRE,GSTTWRNRE,0.000114,46
HLA-A*02:01,1,43,51,9,VKMMNMEAA,VKMMNMEAA,VKMMNMEAA,0.000113,33
HLA-A*01:01,1,358,366,9,VNPFVSVAT,VNPFVSVAT,VNPFVSVAT,0.000113,46
HLA-B*07:02,1,391,399,9,QQINHHWHK,QQINHHWHK,QQINHHWHK,0.000112,30
HLA-A*02:01,1,436,444,9,TSVGKAIHQ,TSVGKAIHQ,TSVGKAIHQ,0.000112,33
HLA-A*02:01,1,398,406,9,HKSGSSIGK,HKSGSSIGK,HKSGSSIGK,0.000112,33
HLA-A*01:01,1,66,74,9,SDLSTRAAC,SDLSTRAAC,SDLSTRAAC,0.000112,47
HLA-B*07:02,1,443,451,9,HQVFGGAFR,HQVFGGAFR,HQVFGGAFR,0.000111,30
HLA-B*07:02,1,346,354,9,LNDLTPVGR,LNDLTPVGR,LNDLTPVGR,0.000111,30
HLA-A*02:01,1,216,224,9,EWFMDLNLP,EWFMDLNLP,EWFMDLNLP,0.000111,33
HLA-A*02:01,1,206,214,9,VGAKSFLVH,VGAKSFLVH,VGAKSFLVH,0.00011,33
HLA-B*07:02,1,116,124,9,CAKFACTTK,CAKFACTTK,CAKFACTTK,0.000109,31
HLA-B*07:02,1,87,95,9,DPAFVCKQG,DPAFVCKQG,DPAFVCKQG,0.000108,31
HLA-B*07:02,1,322,330,9,TVVLELQYT,TVVLELQYT,TVVLELQYT,0.000107,31
HLA-B*07:02,1,127,135,9,GWIIQKENI,GWIIQKENI,GWIIQKENI,0.000107,31
HLA-B*07:02,1,16,24,9,SGATWVDLV,SGATWVDLV,SGATWVDLV,0.000107,31
HLA-A*02:01,1,349,357,9,LTPVGRLVT,LTPVGRLVT,LTPVGRLVT,0.000107,33
HLA-A*02:01,1,232,240,9,TWRNRETLM,TWRNRETLM,TWRNRETLM,0.000107,33
HLA-A*02:01,1,314,322,9,TPADTGHGT,TPADTGHGT,TPADTGHGT,0.000106,33
HLA-A*02:01,1,270,278,9,IPVEFSSNT,IPVEFSSNT,IPVEFSSNT,0.000106,33
HLA-B*07:02,1,399,407,9,KSGSSIGKA,KSGSSIGKA,KSGSSIGKA,0.000105,31
HLA-B*07:02,1,136,144,9,KYEVAIFVH,KYEVAIFVH,KYEVAIFVH,0.000105,31
HLA-A*02:01,1,362,370,9,VSVATANSK,VSVATANSK,VSVATANSK,0.000105,33
HLA-A*02:01,1,193,201,9,RSGIDTSAY,RSGIDTSAY,RSGIDTSAY,0.000105,33
HLA-A*01:01,1,157,165,9,TQIGATQAG,TQIGATQAG,TQIGATQAG,0.000105,48
HLA-B*07:02,1,282,290,9,TSGHLKCRV,TSGHLKCRV,TSGHLKCRV,0.000104,31
HLA-B*07:02,1,260,268,9,GALHQALAG,GALHQALAG,GALHQALAG,0.000104,31
HLA-B*07:02,1,93,101,9,KQGVVDRGW,KQGVVDRGW,KQGVVDRGW,0.000104,31
HLA-A*02:01,1,329,337,9,YTGKDGPCK,YTGKDGPCK,YTGKDGPCK,0.000104,34
HLA-A*01:01,1,199,207,9,SAYYVMSVG,SAYYVMSVG,SAYYVMSVG,0.000103,48
HLA-B*07:02,1,466,474,9,GALLLWMGI,GALLLWMGI,GALLLWMGI,0.000102,31
HLA-B*07:02,1,394,402,9,NHHWHKSGS,NHHWHKSGS,NHHWHKSGS,0.000102,31
HLA-B*07:02,1,149,157,9,VESHGNYST,VESHGNYST,VESHGNYST,0.000102,31
HLA-A*02:01,1,406,414,9,KAFTTTLRG,KAFTTTLRG,KAFTTTLRG,0.000102,34
HLA-A*01:01,1,78,86,9,GEAHNEKRA,GEAHNEKRA,GEAHNEKRA,0.000102,48
HLA-A*01:01,1,32,40,9,TIMSKDKPT,TIMSKDKPT,TIMSKDKPT,0.000102,48
HLA-A*01:01,1,19,27,9,TWVDLVLEG,TWVDLVLEG,TWVDLVLEG,0.000102,48
HLA-B*07:02,1,153,161,9,GNYSTQIGA,GNYSTQIGA,GNYSTQIGA,0.000101,32
HLA-B*07:02,1,128,136,9,WIIQKENIK,WIIQKENIK,WIIQKENIK,0.000101,32
HLA-A*02:01,1,95,103,9,GVVDRGWGN,GVVDRGWGN,GVVDRGWGN,0.000101,34
HLA-A*01:01,1,9,17,9,RDFLEGVSG,RDFLEGVSG,RDFLEGVSG,0.0001,49
HLA-B*07:02,1,91,99,9,VCKQGVVDR,VCKQGVVDR,VCKQGVVDR,9.9e-05,32
HLA-A*02:01,1,71,79,9,RAACPTMGE,RAACPTMGE,RAACPTMGE,9.9e-05,34
HLA-A*01:01,1,102,110,9,GNGCGLFGK,GNGCGLFGK,GNGCGLFGK,9.9e-05,49
HLA-A*02:01,1,353,361,9,GRLVTVNPF,GRLVTVNPF,GRLVTVNPF,9.8e-05,34
HLA-A*01:01,1,383,391,9,YIVVGRGEQ,YIVVGRGEQ,YIVVGRGEQ,9.8e-05,49
HLA-A*01:01,1,160,168,9,GATQAGRFS,GATQAGRFS,GATQAGRFS,9.7e-05,49
HLA-A*01:01,1,326,334,9,ELQYTGKDG,ELQYTGKDG,ELQYTGKDG,9.6e-05,49
HLA-A*02:01,1,405,413,9,GKAFTTTLR,GKAFTTTLR,GKAFTTTLR,9.5e-05,34
HLA-A*02:01,1,148,156,9,TVESHGNYS,TVESHGNYS,TVESHGNYS,9.5e-05,34
HLA-A*02:01,1,256,264,9,GSQEGALHQ,GSQEGALHQ,GSQEGALHQ,9.4e-05,35
HLA-B*07:02,1,34,42,9,MSKDKPTID,MSKDKPTID,MSKDKPTID,9.3e-05,32
HLA-A*01:01,1,323,331,9,VVLELQYTG,VVLELQYTG,VVLELQYTG,9.3e-05,50
HLA-A*01:01,1,182,190,9,EYGEVTVDC,EYGEVTVDC,EYGEVTVDC,9.3e-05,50
HLA-A*01:01,1,173,181,9,APSYTLKLG,APSYTLKLG,APSYTLKLG,9.3e-05,50
HLA-A*01:01,1,91,99,9,VCKQGVVDR,VCKQGVVDR,VCKQGVVDR,9.3e-05,50
HLA-A*02:01,1,196,204,9,IDTSAYYVM,IDTSAYYVM,IDTSAYYVM,9.2e-05,35
HLA-B*07:02,1,328,336,9,QYTGKDGPC,QYTGKDGPC,QYTGKDGPC,9.1e-05,33
HLA-A*02:01,1,332,340,9,KDGPCKVPI,KDGPCKVPI,KDGPCKVPI,9.1e-05,35
HLA-A*02:01,1,89,97,9,AFVCKQGVV,AFVCKQGVV,AFVCKQGVV,9.1e-05,35
HLA-A*02:01,1,374,382,9,ELEPPFGDS,ELEPPFGDS,ELEPPFGDS,9e-05,35
HLA-A*02:01,1,310,318,9,KFAGTPADT,KFAGTPADT,KFAGTPADT,9e-05,35
HLA-A*01:01,1,466,474,9,GALLLWMGI,GALLLWMGI,GALLLWMGI,9e-05,51
HLA-A*01:01,1,377,385,9,PPFGDSYIV,PPFGDSYIV,PPFGDSYIV,9e-05,51
HLA-B*07:02,1,318,326,9,TGHGTVVLE,TGHGTVVLE,TGHGTVVLE,8.9e-05,33
HLA-A*02:01,1,446,454,9,FGGAFRSLF,FGGAFRSLF,FGGAFRSLF,8.9e-05,35
HLA-A*01:01,1,421,429,9,LGDTAWDFG,LGDTAWDFG,LGDTAWDFG,8.9e-05,51
HLA-A*01:01,1,458,466,9,SWITQGLLG,SWITQGLLG,SWITQGLLG,8.8e-05,51
HLA-A*02:01,1,387,395,9,GRGEQQINH,GRGEQQINH,GRGEQQINH,8.7e-05,35
HLA-A*01:01,1,236,244,9,RETLMEFEE,RETLMEFEE,RETLMEFEE,8.7e-05,51
HLA-B*07:02,1,290,298,9,VKMEKLQLK,VKMEKLQLK,VKMEKLQLK,8.6e-05,33
HLA-B*07:02,1,331,339,9,GKDGPCKVP,GKDGPCKVP,GKDGPCKVP,8.5e-05,34
HLA-B*07:02,1,115,123,9,TCAKFACTT,TCAKFACTT,TCAKFACTT,8.5e-05,34
HLA-B*07:02,1,50,58,9,AANLADVRS,AANLADVRS,AANLADVRS,8.5e-05,34
HLA-A*02:01,1,449,457,9,AFRSLFGGM,AFRSLFGGM,AFRSLFGGM,8.5e-05,36
HLA-A*01:01,1,47,55,9,NMEAANLAD,NMEAANLAD,NMEAANLAD,8.5e-05,52
HLA-B*07:02,1,160,168,9,GATQAGRFS,GATQAGRFS,GATQAGRFS,8.4e-05,34
HLA-A*02:01,1,178,186,9,LKLGEYGEV,LKLGEYGEV,LKLGEYGEV,8.4e-05,36
HLA-A*02:01,1,88,96,9,PAFVCKQGV,PAFVCKQGV,PAFVCKQGV,8.4e-05,36
HLA-A*01:01,1,152,160,9,HGNYSTQIG,HGNYSTQIG,HGNYSTQIG,8.4e-05,52
HLA-B*07:02,1,100,108,9,GWGNGCGLF,GWGNGCGLF,GWGNGCGLF,8.3e-05,34
HLA-A*01:01,1,30,38,9,CVTIMSKDK,CVTIMSKDK,CVTIMSKDK,8.3e-05,52
HLA-B*07:02,1,436,444,9,TSVGKAIHQ,TSVGKAIHQ,TSVGKAIHQ,8.2e-05,34
HLA-A*01:01,1,177,185,9,TLKLGEYGE,TLKLGEYGE,TLKLGEYGE,8.2e-05,53
HLA-A*01:01,1,308,316,9,AFKFAGTPA,AFKFAGTPA,AFKFAGTPA,8.1e-05,53
HLA-A*01:01,1,130,138,9,IQKENIKYE,IQKENIKYE,IQKENIKYE,8.1e-05,53
HLA-B*07:02,1,378,386,9,PFGDSYIVV,PFGDSYIVV,PFGDSYIVV,8e-05,34
HLA-A*02:01,1,318,326,9,TGHGTVVLE,TGHGTVVLE,TGHGTVVLE,7.9e-05,37
HLA-A*01:01,1,276,284,9,SNTVKLTSG,SNTVKLTSG,SNTVKLTSG,7.9e-05,53
HLA-A*01:01,1,22,30,9,DLVLEGDSC,DLVLEGDSC,DLVLEGDSC,7.9e-05,53
HLA-A*01:01,1,468,476,9,LLLWMGINA,LLLWMGINA,LLLWMGINA,7.8e-05,54
HLA-A*02:01,1,424,432,9,TAWDFGSVG,TAWDFGSVG,TAWDFGSVG,7.7e-05,37
HLA-A*02:01,1,277,285,9,NTVKLTSGH,NTVKLTSGH,NTVKLTSGH,7.7e-05,37
HLA-A*02:01,1,252,260,9,VVALGSQEG,VVALGSQEG,VVALGSQEG,7.7e-05,37
HLA-B*07:02,1,397,405,9,WHKSGSSIG,WHKSGSSIG,WHKSGSSIG,7.6e-05,35
HLA-B*07:02,1,256,264,9,GSQEGALHQ,GSQEGALHQ,GSQEGALHQ,7.6e-05,35
HLA-B*07:02,1,121,129,9,CTTKATGWI,CTTKATGWI,CTTKATGWI,7.6e-05,35
HLA-B*07:02,1,119,127,9,FACTTKATG,FACTTKATG,FACTTKATG,7.6e-05,35
HLA-B*07:02,1,312,320,9,AGTPADTGH,AGTPADTGH,AGTPADTGH,7.5e-05,35
HLA-B*07:02,1,201,209,9,YYVMSVGAK,YYVMSVGAK,YYVMSVGAK,7.5e-05,35
HLA-A*02:01,1,358,366,9,VNPFVSVAT,VNPFVSVAT,VNPFVSVAT,7.5e-05,37
HLA-A*02:01,1,171,179,9,PSAPSYTLK,PSAPSYTLK,PSAPSYTLK,7.5e-05,37
HLA-A*02:01,1,31,39,9,VTIMSKDKP,VTIMSKDKP,VTIMSKDKP,7.5e-05,37
HLA-A*02:01,1,346,354,9,LNDLTPVGR,LNDLTPVGR,LNDLTPVGR,7.4e-05,37
HLA-A*02:01,1,36,44,9,KDKPTIDVK,KDKPTIDVK,KDKPTIDVK,7.4e-05,37
HLA-A*01:01,1,412,420,9,LRGAQRLAA,LRGAQRLAA,LRGAQRLAA,7.4e-05,55
HLA-A*01:01,1,292,300,9,MEKLQLKGT,MEKLQLKGT,MEKLQLKGT,7.4e-05,55
HLA-A*01:01,1,146,154,9,PTTVESHGN,PTTVESHGN,PTTVESHGN,7.4e-05,55
HLA-B*07:02,1,292,300,9,MEKLQLKGT,MEKLQLKGT,MEKLQLKGT,7.3e-05,36
HLA-B*07:02,1,398,406,9,HKSGSSIGK,HKSGSSIGK,HKSGSSIGK,7.2e-05,36
HLA-B*07:02,1,387,395,9,GRGEQQINH,GRGEQQINH,GRGEQQINH,7.2e-05,36
HLA-B*07:02,1,228,236,9,AGSTTWRNR,AGSTTWRNR,AGSTTWRNR,7.1e-05,36
HLA-B*07:02,1,178,186,9,LKLGEYGEV,LKLGEYGEV,LKLGEYGEV,7.1e-05,36
HLA-B*07:02,1,158,166,9,QIGATQAGR,QIGATQAGR,QIGATQAGR,7.1e-05,36
HLA-B*07:02,1,255,263,9,LGSQEGALH,LGSQEGALH,LGSQEGALH,7e-05,36
HLA-A*01:01,1,395,403,9,HHWHKSGSS,HHWHKSGSS,HHWHKSGSS,7e-05,56
HLA-A*01:01,1,295,303,9,LQLKGTTYG,LQLKGTTYG,LQLKGTTYG,7e-05,56
HLA-A*01:01,1,201,209,9,YYVMSVGAK,YYVMSVGAK,YYVMSVGAK,7e-05,56
HLA-A*01:01,1,472,480,9,MGINARDRS,MGINARDRS,MGINARDRS,6.9e-05,56
HLA-A*02:01,1,435,443,9,FTSVGKAIH,FTSVGKAIH,FTSVGKAIH,6.8e-05,38
HLA-A*02:01,1,19,27,9,TWVDLVLEG,TWVDLVLEG,TWVDLVLEG,6.8e-05,38
HLA-A*01:01,1,370,378,9,KVLIELEPP,KVLIELEPP,KVLIELEPP,6.8e-05,56
HLA-A*01:01,1,243,251,9,EEPHATKQS,EEPHATKQS,EEPHATKQS,6.8e-05,56
HLA-B*07:02,1,428,436,9,FGSVGGVFT,FGSVGGVFT,FGSVGGVFT,6.7e-05,37
HLA-B*07:02,1,358,366,9,VNPFVSVAT,VNPFVSVAT,VNPFVSVAT,6.6e-05,37
HLA-B*07:02,1,61,69,9,YLASVSDLS,YLASVSDLS,YLASVSDLS,6.6e-05,37
HLA-A*02:01,1,352,360,9,VGRLVTVNP,VGRLVTVNP,VGRLVTVNP,6.6e-05,39
HLA-A*02:01,1,182,190,9,EYGEVTVDC,EYGEVTVDC,EYGEVTVDC,6.5e-05,39
HLA-A*01:01,1,339,347,9,PISSVASLN,PISSVASLN,PISSVASLN,6.5e-05,57
HLA-A*01:01,1,333,341,9,DGPCKVPIS,DGPCKVPIS,DGPCKVPIS,6.5e-05,57
HLA-A*01:01,1,310,318,9,KFAGTPADT,KFAGTPADT,KFAGTPADT,6.5e-05,57
HLA-B*07:02,1,138,146,9,EVAIFVHGP,EVAIFVHGP,EVAIFVHGP,6.4e-05,37
HLA-A*02:01,1,210,218,9,SFLVHREWF,SFLVHREWF,SFLVHREWF,6.4e-05,39
HLA-A*01:01,1,68,76,9,LSTRAACPT,LSTRAACPT,LSTRAACPT,6.4e-05,57
HLA-B*07:02,1,74,82,9,CPTMGEAHN,CPTMGEAHN,CPTMGEAHN,6.2e-05,38
HLA-A*02:01,1,66,74,9,SDLSTRAAC,SDLSTRAAC,SDLSTRAAC,6.2e-05,40
HLA-A*01:01,1,414,422,9,GAQRLAALG,GAQRLAALG,GAQRLAALG,6.2e-05,58
HLA-A*01:01,1,137,145,9,YEVAIFVHG,YEVAIFVHG,YEVAIFVHG,6.2e-05,58
HLA-B*07:02,1,274,282,9,FSSNTVKLT,FSSNTVKLT,FSSNTVKLT,6.1e-05,38
HLA-B*07:02,1,187,195,9,TVDCEPRSG,TVDCEPRSG,TVDCEPRSG,6.1e-05,38
HLA-A*02:01,1,440,448,9,KAIHQVFGG,KAIHQVFGG,KAIHQVFGG,6.1e-05,40
HLA-A*02:01,1,219,227,9,MDLNLPWSS,MDLNLPWSS,MDLNLPWSS,6.1e-05,40
HLA-B*07:02,1,463,471,9,GLLGALLLW,GLLGALLLW,GLLGALLLW,6e-05,38
HLA-B*07:02,1,369,377,9,SKVLIELEP,SKVLIELEP,SKVLIELEP,6e-05,38
HLA-B*07:02,1,429,437,9,GSVGGVFTS,GSVGGVFTS,GSVGGVFTS,5.9e-05,38
HLA-A*02:01,1,299,307,9,GTTYGVCSK,GTTYGVCSK,GTTYGVCSK,5.9e-05,40
HLA-A*01:01,1,352,360,9,VGRLVTVNP,VGRLVTVNP,VGRLVTVNP,5.9e-05,59
HLA-B*07:02,1,218,226,9,FMDLNLPWS,FMDLNLPWS,FMDLNLPWS,5.8e-05,39
HLA-B*07:02,1,97,105,9,VDRGWGNGC,VDRGWGNGC,VDRGWGNGC,5.8e-05,39
HLA-B*07:02,1,28,36,9,DSCVTIMSK,DSCVTIMSK,DSCVTIMSK,5.8e-05,39
HLA-A*01:01,1,95,103,9,GVVDRGWGN,GVVDRGWGN,GVVDRGWGN,5.8e-05,59
HLA-B*07:02,1,323,331,9,VVLELQYTG,VVLELQYTG,VVLELQYTG,5.7e-05,39
HLA-B*07:02,1,130,138,9,IQKENIKYE,IQKENIKYE,IQKENIKYE,5.7e-05,39
HLA-A*02:01,1,120,128,9,ACTTKATGW,ACTTKATGW,ACTTKATGW,5.7e-05,41
HLA-A*02:01,1,455,463,9,GGMSWITQG,GGMSWITQG,GGMSWITQG,5.6e-05,41
HLA-A*02:01,1,279,287,9,VKLTSGHLK,VKLTSGHLK,VKLTSGHLK,5.6e-05,41
HLA-A*01:01,1,200,208,9,AYYVMSVGA,AYYVMSVGA,AYYVMSVGA,5.6e-05,60
HLA-B*07:02,1,306,314,9,SKAFKFAGT,SKAFKFAGT,SKAFKFAGT,5.5e-05,39
HLA-B*07:02,1,279,287,9,VKLTSGHLK,VKLTSGHLK,VKLTSGHLK,5.5e-05,39
HLA-A*02:01,1,230,238,9,STTWRNRET,STTWRNRET,STTWRNRET,5.5e-05,41
HLA-A*02:01,1,144,152,9,HGPTTVESH,HGPTTVESH,HGPTTVESH,5.5e-05,41
HLA-B*07:02,1,491,499,9,VLLFLSVNV,VLLFLSVNV,VLLFLSVNV,5.4e-05,40
HLA-B*07:02,1,327,335,9,LQYTGKDGP,LQYTGKDGP,LQYTGKDGP,5.4e-05,40
HLA-B*07:02,1,311,319,9,FAGTPADTG,FAGTPADTG,FAGTPADTG,5.4e-05,40
HLA-B*07:02,1,9,17,9,RDFLEGVSG,RDFLEGVSG,RDFLEGVSG,5.4e-05,40
HLA-B*07:02,1,3,11,9,CLGMSNRDF,CLGMSNRDF,CLGMSNRDF,5.4e-05,40
HLA-A*01:01,1,190,198,9,CEPRSGIDT,CEPRSGIDT,CEPRSGIDT,5.4e-05,61
HLA-B*07:02,1,24,32,9,VLEGDSCVT,VLEGDSCVT,VLEGDSCVT,5.3e-05,40
HLA-A*02:01,1,139,147,9,VAIFVHGPT,VAIFVHGPT,VAIFVHGPT,5.3e-05,42
HLA-A*01:01,1,233,241,9,WRNRETLME,WRNRETLME,WRNRETLME,5.3e-05,61
HLA-B*07:02,1,67,75,9,DLSTRAACP,DLSTRAACP,DLSTRAACP,5.2e-05,40
HLA-A*02:01,1,453,461,9,LFGGMSWIT,LFGGMSWIT,LFGGMSWIT,5.2e-05,42
HLA-A*02:01,1,379,387,9,FGDSYIVVG,FGDSYIVVG,FGDSYIVVG,5.2e-05,42
HLA-A*02:01,1,197,205,9,DTSAYYVMS,DTSAYYVMS,DTSAYYVMS,5.2e-05,42
HLA-A*02:01,1,175,183,9,SYTLKLGEY,SYTLKLGEY,SYTLKLGEY,5.2e-05,42
HLA-A*02:01,1,91,99,9,VCKQGVVDR,VCKQGVVDR,VCKQGVVDR,5.2e-05,42
HLA-A*02:01,1,476,484,9,ARDRSIAMT,ARDRSIAMT,ARDRSIAMT,5.1e-05,42
HLA-A*01:01,1,407,415,9,AFTTTLRGA,AFTTTLRGA,AFTTTLRGA,5.1e-05,62
HLA-A*01:01,1,286,294,9,LKCRVKMEK,LKCRVKMEK,LKCRVKMEK,5.1e-05,62
HLA-A*01:01,1,88,96,9,PAFVCKQGV,PAFVCKQGV,PAFVCKQGV,5.1e-05,62
HLA-A*01:01,1,123,131,9,TKATGWIIQ,TKATGWIIQ,TKATGWIIQ,5e-05,62
HLA-B*07:02,1,481,489,9,IAMTFLAVG,IAMTFLAVG,IAMTFLAVG,4.9e-05,41
HLA-B*07:02,1,179,187,9,KLGEYGEVT,KLGEYGEVT,KLGEYGEVT,4.9e-05,41
HLA-A*02:01,1,50,58,9,AANLADVRS,AANLADVRS,AANLADVRS,4.9e-05,43
HLA-A*01:01,1,447,455,9,GGAFRSLFG,GGAFRSLFG,GGAFRSLFG,4.9e-05,63
HLA-B*07:02,1,380,388,9,GDSYIVVGR,GDSYIVVGR,GDSYIVVGR,4.8e-05,41
HLA-B*07:02,1,293,301,9,EKLQLKGTT,EKLQLKGTT,EKLQLKGTT,4.8e-05,41
HLA-B*07:02,1,22,30,9,DLVLEGDSC,DLVLEGDSC,DLVLEGDSC,4.8e-05,41
HLA-A*02:01,1,401,409,9,GSSIGKAFT,GSSIGKAFT,GSSIGKAFT,4.8e-05,43
HLA-A*01:01,1,327,335,9,LQYTGKDGP,LQYTGKDGP,LQYTGKDGP,4.8e-05,63
HLA-A*01:01,1,260,268,9,GALHQALAG,GALHQALAG,GALHQALAG,4.8e-05,63
HLA-A*01:01,1,119,127,9,FACTTKATG,FACTTKATG,FACTTKATG,4.8e-05,63
HLA-B*07:02,1,299,307,9,GTTYGVCSK,GTTYGVCSK,GTTYGVCSK,4.7e-05,42
HLA-A*02:01,1,159,167,9,IGATQAGRF,IGATQAGRF,IGATQAGRF,4.7e-05,43
HLA-A*02:01,1,132,140,9,KENIKYEVA,KENIKYEVA,KENIKYEVA,4.7e-05,43
HLA-A*02:01,1,28,36,9,DSCVTIMSK,DSCVTIMSK,DSCVTIMSK,4.7e-05,43
HLA-B*07:02,1,405,413,9,GKAFTTTLR,GKAFTTTLR,GKAFTTTLR,4.6e-05,42
HLA-B*07:02,1,382,390,9,SYIVVGRGE,SYIVVGRGE,SYIVVGRGE,4.6e-05,42
HLA-B*07:02,1,374,382,9,ELEPPFGDS,ELEPPFGDS,ELEPPFGDS,4.6e-05,42
HLA-A*02:01,1,478,486,9,DRSIAMTFL,DRSIAMTFL,DRSIAMTFL,4.6e-05,44
HLA-A*02:01,1,334,342,9,GPCKVPISS,GPCKVPISS,GPCKVPISS,4.6e-05,44
HLA-A*02:01,1,105,113,9,CGLFGKGSI,CGLFGKGSI,CGLFGKGSI,4.6e-05,44
HLA-A*01:01,1,471,479,9,WMGINARDR,WMGINARDR,WMGINARDR,4.6e-05,64
HLA-A*01:01,1,139,147,9,VAIFVHGPT,VAIFVHGPT,VAIFVHGPT,4.6e-05,64
HLA-A*01:01,1,117,125,9,AKFACTTKA,AKFACTTKA,AKFACTTKA,4.6e-05,64
HLA-B*07:02,1,370,378,9,KVLIELEPP,KVLIELEPP,KVLIELEPP,4.5e-05,42
HLA-B*07:02,1,329,337,9,YTGKDGPCK,YTGKDGPCK,YTGKDGPCK,4.5e-05,42
HLA-B*07:02,1,243,251,9,EEPHATKQS,EEPHATKQS,EEPHATKQS,4.5e-05,42
HLA-A*02:01,1,312,320,9,AGTPADTGH,AGTPADTGH,AGTPADTGH,4.5e-05,44
HLA-A*02:01,1,12,20,9,LEGVSGATW,LEGVSGATW,LEGVSGATW,4.5e-05,44
HLA-A*01:01,1,164,172,9,AGRFSITPS,AGRFSITPS,AGRFSITPS,4.5e-05,64
HLA-A*01:01,1,126,134,9,TGWIIQKEN,TGWIIQKEN,TGWIIQKEN,4.5e-05,64
HLA-A*01:01,1,107,115,9,LFGKGSIDT,LFGKGSIDT,LFGKGSIDT,4.5e-05,64
HLA-A*02:01,1,116,124,9,CAKFACTTK,CAKFACTTK,CAKFACTTK,4.4e-05,44
HLA-B*07:02,1,88,96,9,PAFVCKQGV,PAFVCKQGV,PAFVCKQGV,4.3e-05,43
HLA-A*02:01,1,143,151,9,VHGPTTVES,VHGPTTVES,VHGPTTVES,4.3e-05,44
HLA-A*02:01,1,59,67,9,YCYLASVSD,YCYLASVSD,YCYLASVSD,4.3e-05,44
HLA-A*02:01,1,14,22,9,GVSGATWVD,GVSGATWVD,GVSGATWVD,4.3e-05,44
HLA-A*01:01,1,336,344,9,CKVPISSVA,CKVPISSVA,CKVPISSVA,4.3e-05,65
HLA-B*07:02,1,285,293,9,HLKCRVKME,HLKCRVKME,HLKCRVKME,4.2e-05,43
HLA-A*01:01,1,455,463,9,GGMSWITQG,GGMSWITQG,GGMSWITQG,4.2e-05,66
HLA-A*01:01,1,90,98,9,FVCKQGVVD,FVCKQGVVD,FVCKQGVVD,4.2e-05,66
HLA-A*02:01,1,383,391,9,YIVVGRGEQ,YIVVGRGEQ,YIVVGRGEQ,4.1e-05,45
HLA-A*02:01,1,114,122,9,DTCAKFACT,DTCAKFACT,DTCAKFACT,4.1e-05,45
HLA-A*01:01,1,105,113,9,CGLFGKGSI,CGLFGKGSI,CGLFGKGSI,4.1e-05,66
HLA-A*01:01,1,27,35,9,GDSCVTIMS,GDSCVTIMS,GDSCVTIMS,4.1e-05,66
HLA-B*07:02,1,425,433,9,AWDFGSVGG,AWDFGSVGG,AWDFGSVGG,4e-05,44
HLA-B*07:02,1,31,39,9,VTIMSKDKP,VTIMSKDKP,VTIMSKDKP,4e-05,44
HLA-A*02:01,1,425,433,9,AWDFGSVGG,AWDFGSVGG,AWDFGSVGG,4e-05,45
HLA-A*02:01,1,269,277,9,AIPVEFSSN,AIPVEFSSN,AIPVEFSSN,4e-05,45
HLA-A*01:01,1,453,461,9,LFGGMSWIT,LFGGMSWIT,LFGGMSWIT,4e-05,67
HLA-B*07:02,1,305,313,9,CSKAFKFAG,CSKAFKFAG,CSKAFKFAG,3.9e-05,44
HLA-B*07:02,1,224,232,9,PWSSAGSTT,PWSSAGSTT,PWSSAGSTT,3.9e-05,44
HLA-A*01:01,1,450,458,9,FRSLFGGMS,FRSLFGGMS,FRSLFGGMS,3.9e-05,67
HLA-A*01:01,1,14,22,9,GVSGATWVD,GVSGATWVD,GVSGATWVD,3.9e-05,67
HLA-B*07:02,1,185,193,9,EVTVDCEPR,EVTVDCEPR,EVTVDCEPR,3.8e-05,45
HLA-A*02:01,1,201,209,9,YYVMSVGAK,YYVMSVGAK,YYVMSVGAK,3.8e-05,46
HLA-A*02:01,1,82,90,9,NEKRADPAF,NEKRADPAF,NEKRADPAF,3.8e-05,46
HLA-A*01:01,1,305,313,9,CSKAFKFAG,CSKAFKFAG,CSKAFKFAG,3.8e-05,68
HLA-A*01:01,1,285,293,9,HLKCRVKME,HLKCRVKME,HLKCRVKME,3.8e-05,68
HLA-A*01:01,1,127,135,9,GWIIQKENI,GWIIQKENI,GWIIQKENI,3.8e-05,68
HLA-A*01:01,1,101,109,9,WGNGCGLFG,WGNGCGLFG,WGNGCGLFG,3.8e-05,68
HLA-A*01:01,1,41,49,9,IDVKMMNME,IDVKMMNME,IDVKMMNME,3.8e-05,68
HLA-B*07:02,1,472,480,9,MGINARDRS,MGINARDRS,MGINARDRS,3.7e-05,45
HLA-A*02:01,1,432,440,9,GGVFTSVGK,GGVFTSVGK,GGVFTSVGK,3.7e-05,47
HLA-A*02:01,1,285,293,9,HLKCRVKME,HLKCRVKME,HLKCRVKME,3.7e-05,47
HLA-A*01:01,1,178,186,9,LKLGEYGEV,LKLGEYGEV,LKLGEYGEV,3.7e-05,68
HLA-B*07:02,1,355,363,9,LVTVNPFVS,LVTVNPFVS,LVTVNPFVS,3.6e-05,45
HLA-B*07:02,1,222,230,9,NLPWSSAGS,NLPWSSAGS,NLPWSSAGS,3.6e-05,45
HLA-A*02:01,1,380,388,9,GDSYIVVGR,GDSYIVVGR,GDSYIVVGR,3.6e-05,47
HLA-A*02:01,1,77,85,9,MGEAHNEKR,MGEAHNEKR,MGEAHNEKR,3.6e-05,47
HLA-A*01:01,1,113,121,9,IDTCAKFAC,IDTCAKFAC,IDTCAKFAC,3.6e-05,69
HLA-A*01:01,1,89,97,9,AFVCKQGVV,AFVCKQGVV,AFVCKQGVV,3.6e-05,69
HLA-B*07:02,1,468,476,9,LLLWMGINA,LLLWMGINA,LLLWMGINA,3.5e-05,46
HLA-B*07:02,1,401,409,9,GSSIGKAFT,GSSIGKAFT,GSSIGKAFT,3.5e-05,46
HLA-B*07:02,1,250,258,9,QSVVALGSQ,QSVVALGSQ,QSVVALGSQ,3.5e-05,46
HLA-B*07:02,1,70,78,9,TRAACPTMG,TRAACPTMG,TRAACPTMG,3.5e-05,46
HLA-A*02:01,1,448,456,9,GAFRSLFGG,GAFRSLFGG,GAFRSLFGG,3.5e-05,47
HLA-A*02:01,1,372,380,9,LIELEPPFG,LIELEPPFG,LIELEPPFG,3.5e-05,47
HLA-A*02:01,1,164,172,9,AGRFSITPS,AGRFSITPS,AGRFSITPS,3.5e-05,47
HLA-A*01:01,1,386,394,9,VGRGEQQIN,VGRGEQQIN,VGRGEQQIN,3.5e-05,69
HLA-A*01:01,1,106,114,9,GLFGKGSID,GLFGKGSID,GLFGKGSID,3.5e-05,69
HLA-B*07:02,1,239,247,9,LMEFEEPHA,LMEFEEPHA,LMEFEEPHA,3.4e-05,46
HLA-B*07:02,1,110,118,9,KGSIDTCAK,KGSIDTCAK,KGSIDTCAK,3.4e-05,46
HLA-A*02:01,1,336,344,9,CKVPISSVA,CKVPISSVA,CKVPISSVA,3.4e-05,48
HLA-A*02:01,1,49,57,9,EAANLADVR,EAANLADVR,EAANLADVR,3.4e-05,48
HLA-A*01:01,1,481,489,9,IAMTFLAVG,IAMTFLAVG,IAMTFLAVG,3.4e-05,70
HLA-A*01:01,1,331,339,9,GKDGPCKVP,GKDGPCKVP,GKDGPCKVP,3.4e-05,70
HLA-A*01:01,1,248,256,9,TKQSVVALG,TKQSVVALG,TKQSVVALG,3.4e-05,70
HLA-A*01:01,1,221,229,9,LNLPWSSAG,LNLPWSSAG,LNLPWSSAG,3.4e-05,70
HLA-B*07:02,1,286,294,9,LKCRVKMEK,LKCRVKMEK,LKCRVKMEK,3.3e-05,47
HLA-A*02:01,1,242,250,9,FEEPHATKQ,FEEPHATKQ,FEEPHATKQ,3.3e-05,48
HLA-A*02:01,1,228,236,9,AGSTTWRNR,AGSTTWRNR,AGSTTWRNR,3.3e-05,48
HLA-A*02:01,1,83,91,9,EKRADPAFV,EKRADPAFV,EKRADPAFV,3.3e-05,48
HLA-A*01:01,1,208,216,9,AKSFLVHRE,AKSFLVHRE,AKSFLVHRE,3.3e-05,70
HLA-A*01:01,1,8,16,9,NRDFLEGVS,NRDFLEGVS,NRDFLEGVS,3.3e-05,70
HLA-B*07:02,1,176,184,9,YTLKLGEYG,YTLKLGEYG,YTLKLGEYG,3.2e-05,47
HLA-B*07:02,1,96,104,9,VVDRGWGNG,VVDRGWGNG,VVDRGWGNG,3.2e-05,47
HLA-A*02:01,1,481,489,9,IAMTFLAVG,IAMTFLAVG,IAMTFLAVG,3.2e-05,49
HLA-A*02:01,1,255,263,9,LGSQEGALH,LGSQEGALH,LGSQEGALH,3.2e-05,49
HLA-A*02:01,1,20,28,9,WVDLVLEGD,WVDLVLEGD,WVDLVLEGD,3.2e-05,49
HLA-A*01:01,1,440,448,9,KAIHQVFGG,KAIHQVFGG,KAIHQVFGG,3.2e-05,71
HLA-A*01:01,1,58,66,9,SYCYLASVS,SYCYLASVS,SYCYLASVS,3.2e-05,71
HLA-B*07:02,1,464,472,9,LLGALLLWM,LLGALLLWM,LLGALLLWM,3.1e-05,48
HLA-B*07:02,1,379,387,9,FGDSYIVVG,FGDSYIVVG,FGDSYIVVG,3.1e-05,48
HLA-B*07:02,1,304,312,9,VCSKAFKFA,VCSKAFKFA,VCSKAFKFA,3.1e-05,48
HLA-B*07:02,1,78,86,9,GEAHNEKRA,GEAHNEKRA,GEAHNEKRA,3.1e-05,48
HLA-A*02:01,1,388,396,9,RGEQQINHH,RGEQQINHH,RGEQQINHH,3.1e-05,49
HLA-A*01:01,1,154,162,9,NYSTQIGAT,NYSTQIGAT,NYSTQIGAT,3.1e-05,71
HLA-B*07:02,1,177,185,9,TLKLGEYGE,TLKLGEYGE,TLKLGEYGE,3e-05,48
HLA-B*07:02,1,8,16,9,NRDFLEGVS,NRDFLEGVS,NRDFLEGVS,3e-05,48
HLA-A*01:01,1,369,377,9,SKVLIELEP,SKVLIELEP,SKVLIELEP,3e-05,72
HLA-A*01:01,1,235,243,9,NRETLMEFE,NRETLMEFE,NRETLMEFE,3e-05,72
HLA-A*01:01,1,192,200,9,PRSGIDTSA,PRSGIDTSA,PRSGIDTSA,3e-05,72
HLA-B*07:02,1,125,133,9,ATGWIIQKE,ATGWIIQKE,ATGWIIQKE,2.9e-05,49
HLA-B*07:02,1,90,98,9,FVCKQGVVD,FVCKQGVVD,FVCKQGVVD,2.9e-05,49
HLA-A*02:01,1,75,83,9,PTMGEAHNE,PTMGEAHNE,PTMGEAHNE,2.9e-05,50
HLA-A*02:01,1,73,81,9,ACPTMGEAH,ACPTMGEAH,ACPTMGEAH,2.9e-05,50
HLA-A*01:01,1,298,306,9,KGTTYGVCS,KGTTYGVCS,KGTTYGVCS,2.9e-05,72
HLA-A*01:01,1,43,51,9,VKMMNMEAA,VKMMNMEAA,VKMMNMEAA,2.9e-05,72
HLA-B*07:02,1,324,332,9,VLELQYTGK,VLELQYTGK,VLELQYTGK,2.8e-05,49
HLA-B*07:02,1,56,64,9,VRSYCYLAS,VRSYCYLAS,VRSYCYLAS,2.8e-05,49
HLA-A*02:01,1,467,475,9,ALLLWMGIN,ALLLWMGIN,ALLLWMGIN,2.8e-05,50
HLA-A*01:01,1,448,456,9,GAFRSLFGG,GAFRSLFGG,GAFRSLFGG,2.8e-05,73
HLA-B*07:02,1,333,341,9,DGPCKVPIS,DGPCKVPIS,DGPCKVPIS,2.7e-05,50
HLA-B*07:02,1,267,275,9,AGAIPVEFS,AGAIPVEFS,AGAIPVEFS,2.7e-05,50
HLA-B*07:02,1,109,117,9,GKGSIDTCA,GKGSIDTCA,GKGSIDTCA,2.7e-05,50
HLA-B*07:02,1,95,103,9,GVVDRGWGN,GVVDRGWGN,GVVDRGWGN,2.7e-05,50
HLA-B*07:02,1,79,87,9,EAHNEKRAD,EAHNEKRAD,EAHNEKRAD,2.7e-05,50
HLA-B*07:02,1,58,66,9,SYCYLASVS,SYCYLASVS,SYCYLASVS,2.7e-05,50
HLA-B*07:02,1,6,14,9,MSNRDFLEG,MSNRDFLEG,MSNRDFLEG,2.7e-05,50
HLA-A*01:01,1,488,496,9,VGGVLLFLS,VGGVLLFLS,VGGVLLFLS,2.7e-05,74
HLA-B*07:02,1,450,458,9,FRSLFGGMS,FRSLFGGMS,FRSLFGGMS,2.6e-05,50
HLA-A*02:01,1,369,377,9,SKVLIELEP,SKVLIELEP,SKVLIELEP,2.6e-05,51
HLA-A*02:01,1,283,291,9,SGHLKCRVK,SGHLKCRVK,SGHLKCRVK,2.6e-05,51
HLA-A*02:01,1,223,231,9,LPWSSAGST,LPWSSAGST,LPWSSAGST,2.6e-05,51
HLA-A*02:01,1,137,145,9,YEVAIFVHG,YEVAIFVHG,YEVAIFVHG,2.6e-05,51
HLA-A*01:01,1,212,220,9,LVHREWFMD,LVHREWFMD,LVHREWFMD,2.6e-05,74
HLA-B*07:02,1,152,160,9,HGNYSTQIG,HGNYSTQIG,HGNYSTQIG,2.5e-05,51
HLA-A*02:01,1,90,98,9,FVCKQGVVD,FVCKQGVVD,FVCKQGVVD,2.5e-05,52
HLA-A*01:01,1,394,402,9,NHHWHKSGS,NHHWHKSGS,NHHWHKSGS,2.5e-05,75
HLA-A*01:01,1,306,314,9,SKAFKFAGT,SKAFKFAGT,SKAFKFAGT,2.5e-05,75
HLA-B*07:02,1,432,440,9,GGVFTSVGK,GGVFTSVGK,GGVFTSVGK,2.4e-05,52
HLA-B*07:02,1,237,245,9,ETLMEFEEP,ETLMEFEEP,ETLMEFEEP,2.4e-05,52
HLA-B*07:02,1,184,192,9,GEVTVDCEP,GEVTVDCEP,GEVTVDCEP,2.4e-05,52
HLA-B*07:02,1,171,179,9,PSAPSYTLK,PSAPSYTLK,PSAPSYTLK,2.4e-05,52
HLA-A*02:01,1,442,450,9,IHQVFGGAF,IHQVFGGAF,IHQVFGGAF,2.4e-05,53
HLA-A*02:01,1,427,435,9,DFGSVGGVF,DFGSVGGVF,DFGSVGGVF,2.4e-05,53
HLA-A*02:01,1,311,319,9,FAGTPADTG,FAGTPADTG,FAGTPADTG,2.4e-05,53
HLA-A*02:01,1,149,157,9,VESHGNYST,VESHGNYST,VESHGNYST,2.4e-05,53
HLA-A*01:01,1,393,401,9,INHHWHKSG,INHHWHKSG,INHHWHKSG,2.4e-05,76
HLA-B*07:02,1,249,257,9,KQSVVALGS,KQSVVALGS,KQSVVALGS,2.3e-05,52
HLA-B*07:02,1,219,227,9,MDLNLPWSS,MDLNLPWSS,MDLNLPWSS,2.3e-05,52
HLA-B*07:02,1,114,122,9,DTCAKFACT,DTCAKFACT,DTCAKFACT,2.3e-05,52
HLA-B*07:02,1,107,115,9,LFGKGSIDT,LFGKGSIDT,LFGKGSIDT,2.3e-05,52
HLA-B*07:02,1,68,76,9,LSTRAACPT,LSTRAACPT,LSTRAACPT,2.3e-05,52
HLA-B*07:02,1,1,9,9,FNCLGMSNR,FNCLGMSNR,FNCLGMSNR,2.3e-05,52
HLA-A*02:01,1,454,462,9,FGGMSWITQ,FGGMSWITQ,FGGMSWITQ,2.3e-05,53
HLA-A*02:01,1,260,268,9,GALHQALAG,GALHQALAG,GALHQALAG,2.3e-05,53
HLA-A*02:01,1,199,207,9,SAYYVMSVG,SAYYVMSVG,SAYYVMSVG,2.3e-05,53
HLA-A*02:01,1,1,9,9,FNCLGMSNR,FNCLGMSNR,FNCLGMSNR,2.3e-05,53
HLA-A*01:01,1,224,232,9,PWSSAGSTT,PWSSAGSTT,PWSSAGSTT,2.3e-05,76
HLA-B*07:02,1,302,310,9,YGVCSKAFK,YGVCSKAFK,YGVCSKAFK,2.2e-05,53
HLA-A*02:01,1,368,376,9,NSKVLIELE,NSKVLIELE,NSKVLIELE,2.2e-05,54
HLA-A*02:01,1,9,17,9,RDFLEGVSG,RDFLEGVSG,RDFLEGVSG,2.2e-05,54
HLA-A*01:01,1,109,117,9,GKGSIDTCA,GKGSIDTCA,GKGSIDTCA,2.2e-05,77
HLA-B*07:02,1,295,303,9,LQLKGTTYG,LQLKGTTYG,LQLKGTTYG,2.1e-05,54
HLA-B*07:02,1,123,131,9,TKATGWIIQ,TKATGWIIQ,TKATGWIIQ,2.1e-05,54
HLA-A*02:01,1,415,423,9,AQRLAALGD,AQRLAALGD,AQRLAALGD,2.1e-05,55
HLA-A*02:01,1,306,314,9,SKAFKFAGT,SKAFKFAGT,SKAFKFAGT,2.1e-05,55
HLA-A*02:01,1,187,195,9,TVDCEPRSG,TVDCEPRSG,TVDCEPRSG,2.1e-05,55
HLA-A*01:01,1,59,67,9,YCYLASVSD,YCYLASVSD,YCYLASVSD,2.1e-05,78
HLA-B*07:02,1,197,205,9,DTSAYYVMS,DTSAYYVMS,DTSAYYVMS,2e-05,55
HLA-A*02:01,1,490,498,9,GVLLFLSVN,GVLLFLSVN,GVLLFLSVN,2e-05,55
HLA-A*02:01,1,302,310,9,YGVCSKAFK,YGVCSKAFK,YGVCSKAFK,2e-05,55
HLA-A*02:01,1,118,126,9,KFACTTKAT,KFACTTKAT,KFACTTKAT,2e-05,55
HLA-A*02:01,1,97,105,9,VDRGWGNGC,VDRGWGNGC,VDRGWGNGC,2e-05,55
HLA-A*01:01,1,431,439,9,VGGVFTSVG,VGGVFTSVG,VGGVFTSVG,2e-05,78
HLA-A*01:01,1,397,405,9,WHKSGSSIG,WHKSGSSIG,WHKSGSSIG,2e-05,78
HLA-A*01:01,1,44,52,9,KMMNMEAAN,KMMNMEAAN,KMMNMEAAN,2e-05,78
HLA-B*07:02,1,440,448,9,KAIHQVFGG,KAIHQVFGG,KAIHQVFGG,1.9e-05,55
HLA-B*07:02,1,276,284,9,SNTVKLTSG,SNTVKLTSG,SNTVKLTSG,1.9e-05,55
HLA-B*07:02,1,269,277,9,AIPVEFSSN,AIPVEFSSN,AIPVEFSSN,1.9e-05,55
HLA-B*07:02,1,137,145,9,YEVAIFVHG,YEVAIFVHG,YEVAIFVHG,1.9e-05,55
HLA-A*02:01,1,458,466,9,SWITQGLLG,SWITQGLLG,SWITQGLLG,1.9e-05,56
HLA-A*02:01,1,262,270,9,LHQALAGAI,LHQALAGAI,LHQALAGAI,1.9e-05,56
HLA-A*02:01,1,107,115,9,LFGKGSIDT,LFGKGSIDT,LFGKGSIDT,1.9e-05,56
HLA-A*01:01,1,118,126,9,KFACTTKAT,KFACTTKAT,KFACTTKAT,1.9e-05,79
HLA-B*07:02,1,415,423,9,AQRLAALGD,AQRLAALGD,AQRLAALGD,1.8e-05,56
HLA-B*07:02,1,233,241,9,WRNRETLME,WRNRETLME,WRNRETLME,1.8e-05,56
HLA-B*07:02,1,221,229,9,LNLPWSSAG,LNLPWSSAG,LNLPWSSAG,1.8e-05,56
HLA-A*02:01,1,412,420,9,LRGAQRLAA,LRGAQRLAA,LRGAQRLAA,1.8e-05,57
HLA-A*02:01,1,192,200,9,PRSGIDTSA,PRSGIDTSA,PRSGIDTSA,1.8e-05,57
HLA-A*02:01,1,96,104,9,VVDRGWGNG,VVDRGWGNG,VVDRGWGNG,1.8e-05,57
HLA-A*01:01,1,373,381,9,IELEPPFGD,IELEPPFGD,IELEPPFGD,1.8e-05,80
HLA-A*01:01,1,351,359,9,PVGRLVTVN,PVGRLVTVN,PVGRLVTVN,1.8e-05,80
HLA-B*07:02,1,458,466,9,SWITQGLLG,SWITQGLLG,SWITQGLLG,1.7e-05,57
HLA-A*02:01,1,471,479,9,WMGINARDR,WMGINARDR,WMGINARDR,1.7e-05,58
HLA-A*02:01,1,286,294,9,LKCRVKMEK,LKCRVKMEK,LKCRVKMEK,1.7e-05,58
HLA-A*02:01,1,185,193,9,EVTVDCEPR,EVTVDCEPR,EVTVDCEPR,1.7e-05,58
HLA-A*02:01,1,136,144,9,KYEVAIFVH,KYEVAIFVH,KYEVAIFVH,1.7e-05,58
HLA-A*02:01,1,6,14,9,MSNRDFLEG,MSNRDFLEG,MSNRDFLEG,1.7e-05,58
HLA-B*07:02,1,309,317,9,FKFAGTPAD,FKFAGTPAD,FKFAGTPAD,1.6e-05,58
HLA-B*07:02,1,216,224,9,EWFMDLNLP,EWFMDLNLP,EWFMDLNLP,1.6e-05,58
HLA-B*07:02,1,59,67,9,YCYLASVSD,YCYLASVSD,YCYLASVSD,1.6e-05,58
HLA-B*07:02,1,19,27,9,TWVDLVLEG,TWVDLVLEG,TWVDLVLEG,1.6e-05,58
HLA-A*02:01,1,390,398,9,EQQINHHWH,EQQINHHWH,EQQINHHWH,1.6e-05,59
HLA-A*02:01,1,174,182,9,PSYTLKLGE,PSYTLKLGE,PSYTLKLGE,1.6e-05,59
HLA-A*02:01,1,34,42,9,MSKDKPTID,MSKDKPTID,MSKDKPTID,1.6e-05,59
HLA-A*01:01,1,482,490,9,AMTFLAVGG,AMTFLAVGG,AMTFLAVGG,1.6e-05,82
HLA-A*01:01,1,419,427,9,AALGDTAWD,AALGDTAWD,AALGDTAWD,1.6e-05,82
HLA-A*01:01,1,382,390,9,SYIVVGRGE,SYIVVGRGE,SYIVVGRGE,1.6e-05,82
HLA-A*01:01,1,184,192,9,GEVTVDCEP,GEVTVDCEP,GEVTVDCEP,1.6e-05,82
HLA-A*01:01,1,145,153,9,GPTTVESHG,GPTTVESHG,GPTTVESHG,1.6e-05,82
HLA-A*01:01,1,79,87,9,EAHNEKRAD,EAHNEKRAD,EAHNEKRAD,1.6e-05,82
HLA-A*01:01,1,29,37,9,SCVTIMSKD,SCVTIMSKD,SCVTIMSKD,1.6e-05,82
HLA-B*07:02,1,106,114,9,GLFGKGSID,GLFGKGSID,GLFGKGSID,1.5e-05,59
HLA-A*02:01,1,382,390,9,SYIVVGRGE,SYIVVGRGE,SYIVVGRGE,1.5e-05,60
HLA-A*02:01,1,245,253,9,PHATKQSVV,PHATKQSVV,PHATKQSVV,1.5e-05,60
HLA-A*02:01,1,208,216,9,AKSFLVHRE,AKSFLVHRE,AKSFLVHRE,1.5e-05,60
HLA-A*02:01,1,191,199,9,EPRSGIDTS,EPRSGIDTS,EPRSGIDTS,1.5e-05,60
HLA-A*02:01,1,160,168,9,GATQAGRFS,GATQAGRFS,GATQAGRFS,1.5e-05,60
HLA-A*01:01,1,293,301,9,EKLQLKGTT,EKLQLKGTT,EKLQLKGTT,1.5e-05,83
HLA-A*01:01,1,181,189,9,GEYGEVTVD,GEYGEVTVD,GEYGEVTVD,1.5e-05,83
HLA-B*07:02,1,454,462,9,FGGMSWITQ,FGGMSWITQ,FGGMSWITQ,1.4e-05,60
HLA-B*07:02,1,453,461,9,LFGGMSWIT,LFGGMSWIT,LFGGMSWIT,1.4e-05,60
HLA-B*07:02,1,368,376,9,NSKVLIELE,NSKVLIELE,NSKVLIELE,1.4e-05,60
HLA-A*02:01,1,320,328,9,HGTVVLELQ,HGTVVLELQ,HGTVVLELQ,1.4e-05,61
HLA-A*02:01,1,309,317,9,FKFAGTPAD,FKFAGTPAD,FKFAGTPAD,1.4e-05,61
HLA-A*02:01,1,110,118,9,KGSIDTCAK,KGSIDTCAK,KGSIDTCAK,1.4e-05,61
HLA-A*01:01,1,214,222,9,HREWFMDLN,HREWFMDLN,HREWFMDLN,1.4e-05,84
HLA-A*01:01,1,70,78,9,TRAACPTMG,TRAACPTMG,TRAACPTMG,1.4e-05,84
HLA-B*07:02,1,455,463,9,GGMSWITQG,GGMSWITQG,GGMSWITQG,1.3e-05,61
HLA-B*07:02,1,414,422,9,GAQRLAALG,GAQRLAALG,GAQRLAALG,1.3e-05,61
HLA-B*07:02,1,297,305,9,LKGTTYGVC,LKGTTYGVC,LKGTTYGVC,1.3e-05,61
HLA-B*07:02,1,227,235,9,SAGSTTWRN,SAGSTTWRN,SAGSTTWRN,1.3e-05,61
HLA-B*07:02,1,181,189,9,GEYGEVTVD,GEYGEVTVD,GEYGEVTVD,1.3e-05,61
HLA-A*02:01,1,488,496,9,VGGVLLFLS,VGGVLLFLS,VGGVLLFLS,1.3e-05,62
HLA-A*02:01,1,408,416,9,FTTTLRGAQ,FTTTLRGAQ,FTTTLRGAQ,1.3e-05,62
HLA-A*02:01,1,298,306,9,KGTTYGVCS,KGTTYGVCS,KGTTYGVCS,1.3e-05,62
HLA-A*02:01,1,150,158,9,ESHGNYSTQ,ESHGNYSTQ,ESHGNYSTQ,1.3e-05,62
HLA-A*02:01,1,86,94,9,ADPAFVCKQ,ADPAFVCKQ,ADPAFVCKQ,1.3e-05,62
HLA-A*02:01,1,78,86,9,GEAHNEKRA,GEAHNEKRA,GEAHNEKRA,1.3e-05,62
HLA-A*01:01,1,328,336,9,QYTGKDGPC,QYTGKDGPC,QYTGKDGPC,1.3e-05,85
HLA-A*01:01,1,87,95,9,DPAFVCKQG,DPAFVCKQG,DPAFVCKQG,1.3e-05,85
HLA-B*07:02,1,298,306,9,KGTTYGVCS,KGTTYGVCS,KGTTYGVCS,1.2e-05,63
HLA-B*07:02,1,291,299,9,KMEKLQLKG,KMEKLQLKG,KMEKLQLKG,1.2e-05,63
HLA-B*07:02,1,229,237,9,GSTTWRNRE,GSTTWRNRE,GSTTWRNRE,1.2e-05,63
HLA-B*07:02,1,44,52,9,KMMNMEAAN,KMMNMEAAN,KMMNMEAAN,1.2e-05,63
HLA-B*07:02,1,14,22,9,GVSGATWVD,GVSGATWVD,GVSGATWVD,1.2e-05,63
HLA-A*01:01,1,470,478,9,LWMGINARD,LWMGINARD,LWMGINARD,1.2e-05,86
HLA-A*01:01,1,297,305,9,LKGTTYGVC,LKGTTYGVC,LKGTTYGVC,1.2e-05,86
HLA-A*01:01,1,56,64,9,VRSYCYLAS,VRSYCYLAS,VRSYCYLAS,1.2e-05,86
HLA-B*07:02,1,416,424,9,QRLAALGDT,QRLAALGDT,QRLAALGDT,1.1e-05,64
HLA-B*07:02,1,236,244,9,RETLMEFEE,RETLMEFEE,RETLMEFEE,1.1e-05,64
HLA-B*07:02,1,186,194,9,VTVDCEPRS,VTVDCEPRS,VTVDCEPRS,1.1e-05,64
HLA-A*02:01,1,395,403,9,HHWHKSGSS,HHWHKSGSS,HHWHKSGSS,1.1e-05,64
HLA-A*02:01,1,373,381,9,IELEPPFGD,IELEPPFGD,IELEPPFGD,1.1e-05,64
HLA-A*02:01,1,229,237,9,GSTTWRNRE,GSTTWRNRE,GSTTWRNRE,1.1e-05,64
HLA-A*02:01,1,119,127,9,FACTTKATG,FACTTKATG,FACTTKATG,1.1e-05,64
HLA-A*01:01,1,490,498,9,GVLLFLSVN,GVLLFLSVN,GVLLFLSVN,1.1e-05,87
HLA-A*01:01,1,422,430,9,GDTAWDFGS,GDTAWDFGS,GDTAWDFGS,1.1e-05,87
HLA-A*01:01,1,415,423,9,AQRLAALGD,AQRLAALGD,AQRLAALGD,1.1e-05,87
HLA-A*01:01,1,288,296,9,CRVKMEKLQ,CRVKMEKLQ,CRVKMEKLQ,1.1e-05,87
HLA-A*01:01,1,103,111,9,NGCGLFGKG,NGCGLFGKG,NGCGLFGKG,1.1e-05,87
HLA-B*07:02,1,386,394,9,VGRGEQQIN,VGRGEQQIN,VGRGEQQIN,1e-05,65
HLA-B*07:02,1,372,380,9,LIELEPPFG,LIELEPPFG,LIELEPPFG,1e-05,65
HLA-B*07:02,1,86,94,9,ADPAFVCKQ,ADPAFVCKQ,ADPAFVCKQ,1e-05,65
HLA-B*07:02,1,30,38,9,CVTIMSKDK,CVTIMSKDK,CVTIMSKDK,1e-05,65
HLA-A*02:01,1,474,482,9,INARDRSIA,INARDRSIA,INARDRSIA,1e-05,66
HLA-A*01:01,1,74,82,9,CPTMGEAHN,CPTMGEAHN,CPTMGEAHN,1e-05,88
HLA-B*07:02,1,448,456,9,GAFRSLFGG,GAFRSLFGG,GAFRSLFGG,9e-06,67
HLA-B*07:02,1,393,401,9,INHHWHKSG,INHHWHKSG,INHHWHKSG,9e-06,67
HLA-B*07:02,1,320,328,9,HGTVVLELQ,HGTVVLELQ,HGTVVLELQ,9e-06,67
HLA-B*07:02,1,208,216,9,AKSFLVHRE,AKSFLVHRE,AKSFLVHRE,9e-06,67
HLA-B*07:02,1,18,26,9,ATWVDLVLE,ATWVDLVLE,ATWVDLVLE,9e-06,67
HLA-A*02:01,1,419,427,9,AALGDTAWD,AALGDTAWD,AALGDTAWD,9e-06,67
HLA-A*02:01,1,250,258,9,QSVVALGSQ,QSVVALGSQ,QSVVALGSQ,9e-06,67
HLA-A*02:01,1,227,235,9,SAGSTTWRN,SAGSTTWRN,SAGSTTWRN,9e-06,67
HLA-A*02:01,1,221,229,9,LNLPWSSAG,LNLPWSSAG,LNLPWSSAG,9e-06,67
HLA-A*02:01,1,109,117,9,GKGSIDTCA,GKGSIDTCA,GKGSIDTCA,9e-06,67
HLA-A*02:01,1,68,76,9,LSTRAACPT,LSTRAACPT,LSTRAACPT,9e-06,67
HLA-A*02:01,1,47,55,9,NMEAANLAD,NMEAANLAD,NMEAANLAD,9e-06,67
HLA-A*01:01,1,439,447,9,GKAIHQVFG,GKAIHQVFG,GKAIHQVFG,9e-06,89
HLA-A*01:01,1,2,10,9,NCLGMSNRD,NCLGMSNRD,NCLGMSNRD,9e-06,89
HLA-B*07:02,1,431,439,9,VGGVFTSVG,VGGVFTSVG,VGGVFTSVG,8e-06,69
HLA-B*07:02,1,326,334,9,ELQYTGKDG,ELQYTGKDG,ELQYTGKDG,8e-06,69
HLA-B*07:02,1,190,198,9,CEPRSGIDT,CEPRSGIDT,CEPRSGIDT,8e-06,69
HLA-B*07:02,1,75,83,9,PTMGEAHNE,PTMGEAHNE,PTMGEAHNE,8e-06,69
HLA-B*07:02,1,5,13,9,GMSNRDFLE,GMSNRDFLE,GMSNRDFLE,8e-06,69
HLA-A*02:01,1,472,480,9,MGINARDRS,MGINARDRS,MGINARDRS,8e-06,69
HLA-A*02:01,1,340,348,9,ISSVASLND,ISSVASLND,ISSVASLND,8e-06,69
HLA-A*02:01,1,292,300,9,MEKLQLKGT,MEKLQLKGT,MEKLQLKGT,8e-06,69
HLA-A*02:01,1,184,192,9,GEVTVDCEP,GEVTVDCEP,GEVTVDCEP,8e-06,69
HLA-A*02:01,1,100,108,9,GWGNGCGLF,GWGNGCGLF,GWGNGCGLF,8e-06,69
HLA-A*02:01,1,81,89,9,HNEKRADPA,HNEKRADPA,HNEKRADPA,8e-06,69
HLA-A*01:01,1,416,424,9,QRLAALGDT,QRLAALGDT,QRLAALGDT,8e-06,90
HLA-A*01:01,1,325,333,9,LELQYTGKD,LELQYTGKD,LELQYTGKD,8e-06,90
HLA-A*01:01,1,309,317,9,FKFAGTPAD,FKFAGTPAD,FKFAGTPAD,8e-06,90
HLA-A*01:01,1,92,100,9,CKQGVVDRG,CKQGVVDRG,CKQGVVDRG,8e-06,90
HLA-B*07:02,1,447,455,9,GGAFRSLFG,GGAFRSLFG,GGAFRSLFG,7e-06,71
HLA-B*07:02,1,248,256,9,TKQSVVALG,TKQSVVALG,TKQSVVALG,7e-06,71
HLA-B*07:02,1,113,121,9,IDTCAKFAC,IDTCAKFAC,IDTCAKFAC,7e-06,71
HLA-A*02:01,1,333,341,9,DGPCKVPIS,DGPCKVPIS,DGPCKVPIS,7e-06,71
HLA-A*02:01,1,331,339,9,GKDGPCKVP,GKDGPCKVP,GKDGPCKVP,7e-06,71
HLA-A*02:01,1,181,189,9,GEYGEVTVD,GEYGEVTVD,GEYGEVTVD,7e-06,71
HLA-A*02:01,1,154,162,9,NYSTQIGAT,NYSTQIGAT,NYSTQIGAT,7e-06,71
HLA-A*01:01,1,465,473,9,LGALLLWMG,LGALLLWMG,LGALLLWMG,7e-06,92
HLA-A*01:01,1,189,197,9,DCEPRSGID,DCEPRSGID,DCEPRSGID,7e-06,92
HLA-B*07:02,1,471,479,9,WMGINARDR,WMGINARDR,WMGINARDR,6e-06,73
HLA-B*07:02,1,381,389,9,DSYIVVGRG,DSYIVVGRG,DSYIVVGRG,6e-06,73
HLA-B*07:02,1,235,243,9,NRETLMEFE,NRETLMEFE,NRETLMEFE,6e-06,73
HLA-B*07:02,1,47,55,9,NMEAANLAD,NMEAANLAD,NMEAANLAD,6e-06,73
HLA-A*02:01,1,313,321,9,GTPADTGHG,GTPADTGHG,GTPADTGHG,6e-06,73
HLA-A*02:01,1,236,244,9,RETLMEFEE,RETLMEFEE,RETLMEFEE,6e-06,73
HLA-A*02:01,1,212,220,9,LVHREWFMD,LVHREWFMD,LVHREWFMD,6e-06,73
HLA-A*02:01,1,102,110,9,GNGCGLFGK,GNGCGLFGK,GNGCGLFGK,6e-06,73
HLA-A*02:01,1,80,88,9,AHNEKRADP,AHNEKRADP,AHNEKRADP,6e-06,73
HLA-A*02:01,1,39,47,9,PTIDVKMMN,PTIDVKMMN,PTIDVKMMN,6e-06,73
HLA-A*01:01,1,360,368,9,PFVSVATAN,PFVSVATAN,PFVSVATAN,6e-06,93
HLA-A*01:01,1,104,112,9,GCGLFGKGS,GCGLFGKGS,GCGLFGKGS,6e-06,93
HLA-B*07:02,1,490,498,9,GVLLFLSVN,GVLLFLSVN,GVLLFLSVN,5e-06,76
HLA-B*07:02,1,482,490,9,AMTFLAVGG,AMTFLAVGG,AMTFLAVGG,5e-06,76
HLA-B*07:02,1,101,109,9,WGNGCGLFG,WGNGCGLFG,WGNGCGLFG,5e-06,76
HLA-A*02:01,1,465,473,9,LGALLLWMG,LGALLLWMG,LGALLLWMG,5e-06,75
HLA-A*02:01,1,447,455,9,GGAFRSLFG,GGAFRSLFG,GGAFRSLFG,5e-06,75
HLA-A*02:01,1,414,422,9,GAQRLAALG,GAQRLAALG,GAQRLAALG,5e-06,75
HLA-A*02:01,1,381,389,9,DSYIVVGRG,DSYIVVGRG,DSYIVVGRG,5e-06,75
HLA-A*02:01,1,328,336,9,QYTGKDGPC,QYTGKDGPC,QYTGKDGPC,5e-06,75
HLA-A*02:01,1,301,309,9,TYGVCSKAF,TYGVCSKAF,TYGVCSKAF,5e-06,75
HLA-A*02:01,1,243,251,9,EEPHATKQS,EEPHATKQS,EEPHATKQS,5e-06,75
HLA-A*02:01,1,104,112,9,GCGLFGKGS,GCGLFGKGS,GCGLFGKGS,5e-06,75
HLA-A*02:01,1,41,49,9,IDVKMMNME,IDVKMMNME,IDVKMMNME,5e-06,75
HLA-A*02:01,1,30,38,9,CVTIMSKDK,CVTIMSKDK,CVTIMSKDK,5e-06,75
HLA-A*02:01,1,27,35,9,GDSCVTIMS,GDSCVTIMS,GDSCVTIMS,5e-06,75
HLA-A*01:01,1,98,106,9,DRGWGNGCG,DRGWGNGCG,DRGWGNGCG,5e-06,95
HLA-A*01:01,1,94,102,9,QGVVDRGWG,QGVVDRGWG,QGVVDRGWG,5e-06,95
HLA-B*07:02,1,439,447,9,GKAIHQVFG,GKAIHQVFG,GKAIHQVFG,4e-06,79
HLA-B*07:02,1,419,427,9,AALGDTAWD,AALGDTAWD,AALGDTAWD,4e-06,79
HLA-B*07:02,1,373,381,9,IELEPPFGD,IELEPPFGD,IELEPPFGD,4e-06,79
HLA-B*07:02,1,313,321,9,GTPADTGHG,GTPADTGHG,GTPADTGHG,4e-06,79
HLA-B*07:02,1,126,134,9,TGWIIQKEN,TGWIIQKEN,TGWIIQKEN,4e-06,79
HLA-B*07:02,1,41,49,9,IDVKMMNME,IDVKMMNME,IDVKMMNME,4e-06,79
HLA-B*07:02,1,27,35,9,GDSCVTIMS,GDSCVTIMS,GDSCVTIMS,4e-06,79
HLA-B*07:02,1,20,28,9,WVDLVLEGD,WVDLVLEGD,WVDLVLEGD,4e-06,79
HLA-A*02:01,1,422,430,9,GDTAWDFGS,GDTAWDFGS,GDTAWDFGS,4e-06,78
HLA-A*02:01,1,339,347,9,PISSVASLN,PISSVASLN,PISSVASLN,4e-06,78
HLA-A*02:01,1,326,334,9,ELQYTGKDG,ELQYTGKDG,ELQYTGKDG,4e-06,78
HLA-A*02:01,1,305,313,9,CSKAFKFAG,CSKAFKFAG,CSKAFKFAG,4e-06,78
HLA-A*02:01,1,233,241,9,WRNRETLME,WRNRETLME,WRNRETLME,4e-06,78
HLA-A*02:01,1,173,181,9,APSYTLKLG,APSYTLKLG,APSYTLKLG,4e-06,78
HLA-A*02:01,1,152,160,9,HGNYSTQIG,HGNYSTQIG,HGNYSTQIG,4e-06,78
HLA-A*02:01,1,126,134,9,TGWIIQKEN,TGWIIQKEN,TGWIIQKEN,4e-06,78
HLA-A*02:01,1,113,121,9,IDTCAKFAC,IDTCAKFAC,IDTCAKFAC,4e-06,78
HLA-A*02:01,1,58,66,9,SYCYLASVS,SYCYLASVS,SYCYLASVS,4e-06,78
HLA-A*02:01,1,29,37,9,SCVTIMSKD,SCVTIMSKD,SCVTIMSKD,4e-06,78
HLA-A*01:01,1,467,475,9,ALLLWMGIN,ALLLWMGIN,ALLLWMGIN,4e-06,96
HLA-A*01:01,1,21,29,9,VDLVLEGDS,VDLVLEGDS,VDLVLEGDS,4e-06,96
HLA-B*07:02,1,360,368,9,PFVSVATAN,PFVSVATAN,PFVSVATAN,3e-06,83
HLA-B*07:02,1,183,191,9,YGEVTVDCE,YGEVTVDCE,YGEVTVDCE,3e-06,83
HLA-B*07:02,1,103,111,9,NGCGLFGKG,NGCGLFGKG,NGCGLFGKG,3e-06,83
HLA-B*07:02,1,29,37,9,SCVTIMSKD,SCVTIMSKD,SCVTIMSKD,3e-06,83
HLA-A*02:01,1,470,478,9,LWMGINARD,LWMGINARD,LWMGINARD,3e-06,82
HLA-A*02:01,1,450,458,9,FRSLFGGMS,FRSLFGGMS,FRSLFGGMS,3e-06,82
HLA-A*02:01,1,394,402,9,NHHWHKSGS,NHHWHKSGS,NHHWHKSGS,3e-06,82
HLA-A*02:01,1,276,284,9,SNTVKLTSG,SNTVKLTSG,SNTVKLTSG,3e-06,82
HLA-A*02:01,1,224,232,9,PWSSAGSTT,PWSSAGSTT,PWSSAGSTT,3e-06,82
HLA-A*02:01,1,190,198,9,CEPRSGIDT,CEPRSGIDT,CEPRSGIDT,3e-06,82
HLA-A*02:01,1,123,131,9,TKATGWIIQ,TKATGWIIQ,TKATGWIIQ,3e-06,82
HLA-A*02:01,1,87,95,9,DPAFVCKQG,DPAFVCKQG,DPAFVCKQG,3e-06,82
HLA-B*07:02,1,488,496,9,VGGVLLFLS,VGGVLLFLS,VGGVLLFLS,2e-06,88
HLA-B*07:02,1,470,478,9,LWMGINARD,LWMGINARD,LWMGINARD,2e-06,88
HLA-B*07:02,1,340,348,9,ISSVASLND,ISSVASLND,ISSVASLND,2e-06,88
HLA-B*07:02,1,288,296,9,CRVKMEKLQ,CRVKMEKLQ,CRVKMEKLQ,2e-06,88
HLA-B*07:02,1,212,220,9,LVHREWFMD,LVHREWFMD,LVHREWFMD,2e-06,88
HLA-B*07:02,1,174,182,9,PSYTLKLGE,PSYTLKLGE,PSYTLKLGE,2e-06,88
HLA-B*07:02,1,104,112,9,GCGLFGKGS,GCGLFGKGS,GCGLFGKGS,2e-06,88
HLA-B*07:02,1,102,110,9,GNGCGLFGK,GNGCGLFGK,GNGCGLFGK,2e-06,88
HLA-B*07:02,1,98,106,9,DRGWGNGCG,DRGWGNGCG,DRGWGNGCG,2e-06,88
HLA-B*07:02,1,39,47,9,PTIDVKMMN,PTIDVKMMN,PTIDVKMMN,2e-06,88
HLA-A*02:01,1,431,439,9,VGGVFTSVG,VGGVFTSVG,VGGVFTSVG,2e-06,87
HLA-A*02:01,1,416,424,9,QRLAALGDT,QRLAALGDT,QRLAALGDT,2e-06,87
HLA-A*02:01,1,297,305,9,LKGTTYGVC,LKGTTYGVC,LKGTTYGVC,2e-06,87
HLA-A*02:01,1,293,301,9,EKLQLKGTT,EKLQLKGTT,EKLQLKGTT,2e-06,87
HLA-A*02:01,1,248,256,9,TKQSVVALG,TKQSVVALG,TKQSVVALG,2e-06,87
HLA-A*02:01,1,235,243,9,NRETLMEFE,NRETLMEFE,NRETLMEFE,2e-06,87
HLA-A*02:01,1,183,191,9,YGEVTVDCE,YGEVTVDCE,YGEVTVDCE,2e-06,87
HLA-A*02:01,1,145,153,9,GPTTVESHG,GPTTVESHG,GPTTVESHG,2e-06,87
HLA-A*02:01,1,101,109,9,WGNGCGLFG,WGNGCGLFG,WGNGCGLFG,2e-06,87
HLA-A*02:01,1,56,64,9,VRSYCYLAS,VRSYCYLAS,VRSYCYLAS,2e-06,87
HLA-A*02:01,1,8,16,9,NRDFLEGVS,NRDFLEGVS,NRDFLEGVS,2e-06,87
HLA-B*07:02,1,467,475,9,ALLLWMGIN,ALLLWMGIN,ALLLWMGIN,1e-06,96
HLA-B*07:02,1,465,473,9,LGALLLWMG,LGALLLWMG,LGALLLWMG,1e-06,96
HLA-B*07:02,1,422,430,9,GDTAWDFGS,GDTAWDFGS,GDTAWDFGS,1e-06,96
HLA-B*07:02,1,421,429,9,LGDTAWDFG,LGDTAWDFG,LGDTAWDFG,1e-06,96
HLA-B*07:02,1,351,359,9,PVGRLVTVN,PVGRLVTVN,PVGRLVTVN,1e-06,96
HLA-B*07:02,1,339,347,9,PISSVASLN,PISSVASLN,PISSVASLN,1e-06,96
HLA-B*07:02,1,325,333,9,LELQYTGKD,LELQYTGKD,LELQYTGKD,1e-06,96
HLA-B*07:02,1,214,222,9,HREWFMDLN,HREWFMDLN,HREWFMDLN,1e-06,96
HLA-B*07:02,1,189,197,9,DCEPRSGID,DCEPRSGID,DCEPRSGID,1e-06,96
HLA-B*07:02,1,94,102,9,QGVVDRGWG,QGVVDRGWG,QGVVDRGWG,1e-06,96
HLA-B*07:02,1,92,100,9,CKQGVVDRG,CKQGVVDRG,CKQGVVDRG,1e-06,96
HLA-B*07:02,1,21,29,9,VDLVLEGDS,VDLVLEGDS,VDLVLEGDS,1e-06,96
HLA-B*07:02,1,2,10,9,NCLGMSNRD,NCLGMSNRD,NCLGMSNRD,1e-06,96
HLA-A*02:01,1,439,447,9,GKAIHQVFG,GKAIHQVFG,GKAIHQVFG,1e-06,95
HLA-A*02:01,1,421,429,9,LGDTAWDFG,LGDTAWDFG,LGDTAWDFG,1e-06,95
HLA-A*02:01,1,397,405,9,WHKSGSSIG,WHKSGSSIG,WHKSGSSIG,1e-06,95
HLA-A*02:01,1,393,401,9,INHHWHKSG,INHHWHKSG,INHHWHKSG,1e-06,95
HLA-A*02:01,1,386,394,9,VGRGEQQIN,VGRGEQQIN,VGRGEQQIN,1e-06,95
HLA-A*02:01,1,351,359,9,PVGRLVTVN,PVGRLVTVN,PVGRLVTVN,1e-06,95
HLA-A*02:01,1,146,154,9,PTTVESHGN,PTTVESHGN,PTTVESHGN,1e-06,95
HLA-A*02:01,1,103,111,9,NGCGLFGKG,NGCGLFGKG,NGCGLFGKG,1e-06,95
HLA-A*02:01,1,79,87,9,EAHNEKRAD,EAHNEKRAD,EAHNEKRAD,1e-06,95
HLA-A*02:01,1,74,82,9,CPTMGEAHN,CPTMGEAHN,CPTMGEAHN,1e-06,95
HLA-A*02:01,1,70,78,9,TRAACPTMG,TRAACPTMG,TRAACPTMG,1e-06,95
HLA-A*02:01,1,21,29,9,VDLVLEGDS,VDLVLEGDS,VDLVLEGDS,1e-06,95
HLA-A*02:01,1,2,10,9,NCLGMSNRD,NCLGMSNRD,NCLGMSNRD,1e-06,95
HLA-B*07:02,1,146,154,9,PTTVESHGN,PTTVESHGN,PTTVESHGN,0.0,100
HLA-A*02:01,1,360,368,9,PFVSVATAN,PFVSVATAN,PFVSVATAN,0.0,100
HLA-A*02:01,1,325,333,9,LELQYTGKD,LELQYTGKD,LELQYTGKD,0.0,100
HLA-A*02:01,1,288,296,9,CRVKMEKLQ,CRVKMEKLQ,CRVKMEKLQ,0.0,100
HLA-A*02:01,1,214,222,9,HREWFMDLN,HREWFMDLN,HREWFMDLN,0.0,100
HLA-A*02:01,1,189,197,9,DCEPRSGID,DCEPRSGID,DCEPRSGID,0.0,100
HLA-A*02:01,1,98,106,9,DRGWGNGCG,DRGWGNGCG,DRGWGNGCG,0.0,100
HLA-A*02:01,1,94,102,9,QGVVDRGWG,QGVVDRGWG,QGVVDRGWG,0.0,100
HLA-A*02:01,1,92,100,9,CKQGVVDRG,CKQGVVDRG,CKQGVVDRG,0.0,100
